Timestamp,From Bank,From Account,To Bank,To Account,Amount Received,Receiving Currency,Amount Paid,Payment Currency,Payment Format,Is Laundering
2022/09/01 07:57,0213952,808338D40,0025534,8095B6AF0,20649.41,Canadian Dollar,20649.41,Canadian Dollar,ACH,1
2022/09/03 05:33,0025534,8095B6AF0,0026442,80AEBECB0,13387.39,US Dollar,13387.39,US Dollar,ACH,1
2022/09/02 08:55,0213952,808338D40,020,803892E30,93566.30,Yuan,93566.30,Yuan,ACH,1
2022/09/02 07:13,020,803892E30,0026442,80AEBECB0,13970.12,US Dollar,13970.12,US Dollar,ACH,1
2022/09/02 13:04,0213952,808338D40,0213952,806D47B10,10245.65,US Dollar,10245.65,US Dollar,ACH,1
2022/09/01 08:40,0213952,806D47B10,0026442,80AEBECB0,10104.07,US Dollar,10104.07,US Dollar,ACH,1
2022/09/04 00:16,0213952,808338D40,010,801396710,17678.33,US Dollar,17678.33,US Dollar,ACH,1
2022/09/03 14:26,010,801396710,0026442,80AEBECB0,14175.03,US Dollar,14175.03,US Dollar,ACH,1
2022/09/04 13:53,0213952,808338D40,028627,80B9F0EE0,7930.88,Euro,7930.88,Euro,ACH,1
2022/09/01 09:31,028627,80B9F0EE0,0026442,80AEBECB0,7678.43,US Dollar,7678.43,US Dollar,ACH,1
2022/09/02 12:32,0213952,808338D40,011056,80ABDD6E0,2962.96,Euro,2962.96,Euro,ACH,1
2022/09/01 19:20,011056,80ABDD6E0,0026442,80AEBECB0,2876.57,US Dollar,2876.57,US Dollar,ACH,1
2022/09/04 10:24,0213952,808338D40,012,801DA8990,3072.27,US Dollar,3072.27,US Dollar,ACH,1
2022/09/02 18:37,012,801DA8990,0026442,80AEBECB0,3055.18,US Dollar,3055.18,US Dollar,ACH,1
2022/09/04 16:06,0213952,808338D40,0018405,806DA0590,702720.03,Ruble,702720.03,Ruble,ACH,1
2022/09/01 18:40,0018405,806DA0590,0026442,80AEBECB0,9031.93,US Dollar,9031.93,US Dollar,ACH,1
2022/09/02 11:11,0213952,808338D40,0115915,80A32F2B0,9970.25,US Dollar,9970.25,US Dollar,ACH,1
2022/09/04 05:33,0115915,80A32F2B0,0026442,80AEBECB0,9970.25,US Dollar,9970.25,US Dollar,ACH,1
2022/09/02 13:30,0213952,808338D40,009482,806694250,8514.12,US Dollar,8514.12,US Dollar,ACH,1
2022/09/04 08:09,009482,806694250,0026442,80AEBECB0,6932.43,US Dollar,6932.43,US Dollar,ACH,1
2022/09/02 23:03,0213952,808338D40,0043049,81024EED0,49099.32,Shekel,49099.32,Shekel,ACH,1
2022/09/03 11:28,0043049,81024EED0,0026442,80AEBECB0,14539.33,US Dollar,14539.33,US Dollar,ACH,1
2022/09/04 14:41,0213952,808338D40,004726,803CA44E0,3927.81,US Dollar,3927.81,US Dollar,ACH,1
2022/09/03 11:37,004726,803CA44E0,0026442,80AEBECB0,4369.39,US Dollar,4369.39,US Dollar,ACH,1
2022/09/02 19:08,0213952,808338D40,01729,800AB4E80,19101.60,US Dollar,19101.60,US Dollar,ACH,1
2022/09/04 21:37,01729,800AB4E80,0026442,80AEBECB0,19101.60,US Dollar,19101.60,US Dollar,ACH,1
2022/09/05 07:40,0213952,808338D40,018097,80EF96640,51805.35,Yuan,51805.35,Yuan,ACH,1
2022/09/05 07:23,018097,80EF96640,0026442,80AEBECB0,6349.41,US Dollar,6349.41,US Dollar,ACH,1
2022/09/01 09:04,0213952,808338D40,0110057,804162D10,1449610.43,Yen,1449610.43,Yen,ACH,1
2022/09/02 16:57,0110057,804162D10,0026442,80AEBECB0,13753.42,US Dollar,13753.42,US Dollar,ACH,1
2022/09/02 10:14,0213952,808338D40,0022155,80CB4E960,6004.01,UK Pound,6004.01,UK Pound,ACH,1
2022/09/03 13:17,0022155,80CB4E960,0026442,80AEBECB0,7361.11,US Dollar,7361.11,US Dollar,ACH,1
2022/09/02 00:57,00908,800957210,01674,8003B8230,19361.27,US Dollar,19361.27,US Dollar,ACH,1
2022/09/04 20:37,01674,8003B8230,01665,80054CAB0,23243.75,US Dollar,23243.75,US Dollar,ACH,1
2022/09/02 11:40,00908,800957210,01522,80055F090,13886.25,Euro,13886.25,Euro,ACH,1
2022/09/05 00:29,01522,80055F090,01665,80054CAB0,19533.96,US Dollar,19533.96,US Dollar,ACH,1
2022/09/02 12:29,00908,800957210,01588,80042AC60,14882.16,US Dollar,14882.16,US Dollar,ACH,1
2022/09/05 07:12,01588,80042AC60,01665,80054CAB0,13610.41,US Dollar,13610.41,US Dollar,ACH,1
2022/09/02 20:08,00908,800957210,001,80044E450,18570.25,US Dollar,18570.25,US Dollar,ACH,1
2022/09/05 08:59,001,80044E450,01665,80054CAB0,22837.17,US Dollar,22837.17,US Dollar,ACH,1
2022/09/03 16:27,00908,800957210,01292,8006D7690,14167.89,US Dollar,14167.89,US Dollar,ACH,1
2022/09/05 09:03,01292,8006D7690,01665,80054CAB0,12732.58,US Dollar,12732.58,US Dollar,ACH,1
2022/09/03 18:33,00908,800957210,011,8009636A0,2376.68,Euro,2376.68,Euro,ACH,1
2022/09/05 16:35,011,8009636A0,01665,80054CAB0,2660.17,US Dollar,2660.17,US Dollar,ACH,1
2022/09/04 16:40,00908,800957210,01420,80062C960,15968.23,US Dollar,15968.23,US Dollar,ACH,1
2022/09/05 19:27,01420,80062C960,01665,80054CAB0,15264.60,US Dollar,15264.60,US Dollar,ACH,1
2022/09/02 08:22,0049365,812A09D40,0119,812A09CF0,48948.96,Saudi Riyal,48948.96,Saudi Riyal,ACH,1
2022/09/04 13:03,0119,812A09CF0,0049365,812A09D40,10078.78,Saudi Riyal,10078.78,Saudi Riyal,ACH,1
2022/09/02 08:24,0111631,80A38F130,0016649,80614A030,1313989.42,Ruble,1313989.42,Ruble,ACH,1
2022/09/03 13:35,0016649,80614A030,0010404,807AD0240,15963.96,Euro,15963.96,Euro,ACH,1
2022/09/02 17:18,0111631,80A38F130,027920,811B0AE50,4958.17,Euro,4958.17,Euro,ACH,1
2022/09/03 16:08,027920,811B0AE50,0010404,807AD0240,5453.01,Euro,5453.01,Euro,ACH,1
2022/09/03 13:00,0111631,80A38F130,016431,8031508A0,15098.48,Euro,15098.48,Euro,ACH,1
2022/09/05 13:31,016431,8031508A0,0010404,807AD0240,15098.48,Euro,15098.48,Euro,ACH,1
2022/09/02 14:20,021745,803366440,0022091,808728C10,9479.43,UK Pound,9479.43,UK Pound,ACH,1
2022/09/05 01:21,0022091,808728C10,0112931,805D4C850,753279.46,Rupee,753279.46,Rupee,ACH,1
2022/09/02 15:19,021745,803366440,0021615,8036AE1C0,43038.53,Yuan,43038.53,Yuan,ACH,1
2022/09/05 05:08,0021615,8036AE1C0,0112931,805D4C850,564572.32,Rupee,564572.32,Rupee,ACH,1
2022/09/03 03:44,021745,803366440,012719,80227FC50,13312.15,US Dollar,13312.15,US Dollar,ACH,1
2022/09/05 06:11,012719,80227FC50,0112931,805D4C850,977697.65,Rupee,977697.65,Rupee,ACH,1
2022/09/03 06:18,021745,803366440,0217125,80636A7A0,1436179.23,Ruble,1436179.23,Ruble,ACH,1
2022/09/05 11:07,0217125,80636A7A0,0112931,805D4C850,1336799.04,Rupee,1336799.04,Rupee,ACH,1
2022/09/03 08:27,021745,803366440,0116843,806F416F0,391296.46,Ruble,391296.46,Ruble,ACH,1
2022/09/05 12:20,0116843,806F416F0,0112931,805D4C850,306034.83,Rupee,306034.83,Rupee,ACH,1
2022/09/03 10:24,021745,803366440,001,800B047D0,18379.68,US Dollar,18379.68,US Dollar,ACH,1
2022/09/05 14:16,001,800B047D0,0112931,805D4C850,1256081.74,Rupee,1256081.74,Rupee,ACH,1
2022/09/03 12:16,021745,803366440,018097,803144A90,46734.02,Yuan,46734.02,Yuan,ACH,1
2022/09/05 14:50,018097,803144A90,0112931,805D4C850,512472.18,Rupee,512472.18,Rupee,ACH,1
2022/09/03 14:42,021745,803366440,014650,801EA1CE0,9304.22,Euro,9304.22,Euro,ACH,1
2022/09/05 16:21,014650,801EA1CE0,0112931,805D4C850,840441.34,Rupee,840441.34,Rupee,ACH,1
2022/09/04 08:05,021745,803366440,024850,8028DCAE0,2924.84,Euro,2924.84,Euro,ACH,1
2022/09/05 20:29,024850,8028DCAE0,0112931,805D4C850,214491.64,Rupee,214491.64,Rupee,ACH,1
2022/09/04 10:00,021745,803366440,016136,80605A3E0,1692.77,US Dollar,1692.77,US Dollar,ACH,1
2022/09/06 00:17,016136,80605A3E0,0112931,805D4C850,124323.63,Rupee,124323.63,Rupee,ACH,1
2022/09/04 11:03,021745,803366440,0117999,8069E9C80,724.18,Euro,724.18,Euro,ACH,1
2022/09/06 01:14,0117999,8069E9C80,0112931,805D4C850,54284.79,Rupee,54284.79,Rupee,ACH,1
2022/09/04 11:47,021745,803366440,015723,8027CB4E0,13305.86,US Dollar,13305.86,US Dollar,ACH,1
2022/09/06 05:28,015723,8027CB4E0,0112931,805D4C850,977235.85,Rupee,977235.85,Rupee,ACH,1
2022/09/04 13:40,021745,803366440,020,80102A1F0,16606.00,Euro,16606.00,Euro,ACH,1
2022/09/06 08:36,020,80102A1F0,0112931,805D4C850,1429120.17,Rupee,1429120.17,Rupee,ACH,1
2022/09/04 16:46,021745,803366440,0287,806482430,1460703.25,Ruble,1460703.25,Ruble,ACH,1
2022/09/06 11:25,0287,806482430,0112931,805D4C850,1378847.99,Rupee,1378847.99,Rupee,ACH,1
2022/09/04 18:25,021745,803366440,0213737,8055F7FF0,794068.80,Rupee,794068.80,Rupee,ACH,1
2022/09/06 12:38,0213737,8055F7FF0,0112931,805D4C850,728042.80,Rupee,728042.80,Rupee,ACH,1
2022/09/02 16:05,0124331,8100B34B0,002053,80C27C850,6216.58,US Dollar,6216.58,US Dollar,ACH,1
2022/09/04 17:22,002053,80C27C850,0029064,80A99BDA0,8782.79,Australian Dollar,8782.79,Australian Dollar,ACH,1
2022/09/02 18:13,0124331,8100B34B0,0017554,806B16210,1254558.74,Ruble,1254558.74,Ruble,ACH,1
2022/09/04 18:46,0017554,806B16210,0029064,80A99BDA0,22780.84,Australian Dollar,22780.84,Australian Dollar,ACH,1
2022/09/02 18:56,0124331,8100B34B0,0020822,80B136B30,72009.64,Yuan,72009.64,Yuan,ACH,1
2022/09/05 06:41,0020822,80B136B30,0029064,80A99BDA0,15059.39,Australian Dollar,15059.39,Australian Dollar,ACH,1
2022/09/02 19:42,0124331,8100B34B0,022345,801DB4300,2436.41,US Dollar,2436.41,US Dollar,ACH,1
2022/09/05 19:28,022345,801DB4300,0029064,80A99BDA0,3899.40,Australian Dollar,3899.40,Australian Dollar,ACH,1
2022/09/03 17:06,0124331,8100B34B0,0214100,80A8E3230,5851.80,Euro,5851.80,Euro,ACH,1
2022/09/06 09:30,0214100,80A8E3230,0029064,80A99BDA0,9687.63,Australian Dollar,9687.63,Australian Dollar,ACH,1
2022/09/04 08:52,0124331,8100B34B0,0143242,8108DB590,10089.76,Shekel,10089.76,Shekel,ACH,1
2022/09/06 11:27,0143242,8108DB590,0029064,80A99BDA0,3997.41,Australian Dollar,3997.41,Australian Dollar,ACH,1
2022/09/04 09:19,0124331,8100B34B0,006075,802974110,19505.62,US Dollar,19505.62,US Dollar,ACH,1
2022/09/06 11:45,006075,802974110,0029064,80A99BDA0,33500.56,Australian Dollar,33500.56,Australian Dollar,ACH,1
2022/09/02 18:25,015231,80266F880,023691,8021353D0,9493.36,Euro,9493.36,Euro,ACH,1
2022/09/06 02:46,023691,8021353D0,015231,80266F880,10019.05,Euro,10019.05,Euro,ACH,1
2022/09/02 19:51,0135403,80E2226E0,0111443,80E35D820,5013.29,US Dollar,5013.29,US Dollar,ACH,1
2022/09/05 05:47,0111443,80E35D820,002952,8019A2650,4852.07,US Dollar,4852.07,US Dollar,ACH,1
2022/09/03 11:46,0135403,80E2226E0,0115159,8097D85A0,11745.29,US Dollar,11745.29,US Dollar,ACH,1
2022/09/05 08:32,0115159,8097D85A0,002952,8019A2650,12529.32,US Dollar,12529.32,US Dollar,ACH,1
2022/09/03 13:42,0135403,80E2226E0,017222,803E261B0,4640.55,US Dollar,4640.55,US Dollar,ACH,1
2022/09/06 08:57,017222,803E261B0,002952,8019A2650,4069.43,US Dollar,4069.43,US Dollar,ACH,1
2022/09/03 17:16,0135403,80E2226E0,019,80A12EEA0,15739.27,Australian Dollar,15739.27,Australian Dollar,ACH,1
2022/09/06 13:15,019,80A12EEA0,002952,8019A2650,11140.48,US Dollar,11140.48,US Dollar,ACH,1
2022/09/03 17:48,0135403,80E2226E0,015730,80662DE10,9015.42,US Dollar,9015.42,US Dollar,ACH,1
2022/09/06 14:26,015730,80662DE10,002952,8019A2650,9015.42,US Dollar,9015.42,US Dollar,ACH,1
2022/09/04 12:17,0135403,80E2226E0,001669,8031DBFE0,8239.98,Euro,8239.98,Euro,ACH,1
2022/09/06 16:16,001669,8031DBFE0,002952,8019A2650,9007.68,US Dollar,9007.68,US Dollar,ACH,1
2022/09/03 00:47,0150240,812D22980,0119,811C597B0,14052.22,Saudi Riyal,14052.22,Saudi Riyal,ACH,1
2022/09/03 17:39,0119,811C597B0,0048309,811C599A0,15604.38,Saudi Riyal,15604.38,Saudi Riyal,ACH,1
2022/09/03 16:22,0150240,812D22980,0222,811B83280,45292.05,Saudi Riyal,45292.05,Saudi Riyal,ACH,1
2022/09/05 17:18,0222,811B83280,0048309,811C599A0,50662.36,Saudi Riyal,50662.36,Saudi Riyal,ACH,1
2022/09/03 01:02,0213,80C93DF00,022828,801928280,12449.87,US Dollar,12449.87,US Dollar,ACH,1
2022/09/05 22:21,022828,801928280,0013078,8053B01E0,1080988.21,Rupee,1080988.21,Rupee,ACH,1
2022/09/05 18:38,0213,80C93DF00,0071,8049DF570,186385883.95,Rupee,186385883.95,Rupee,ACH,1
2022/09/04 12:53,0071,8049DF570,0013078,8053B01E0,167361853.53,Rupee,167361853.53,Rupee,ACH,1
2022/09/04 17:19,0213,80C93DF00,0017708,8113EEDB0,13709.49,US Dollar,13709.49,US Dollar,ACH,1
2022/09/04 18:35,0017708,8113EEDB0,0013078,8053B01E0,998088.94,Rupee,998088.94,Rupee,ACH,1
2022/09/06 18:56,0213,80C93DF00,00513,802CCDF10,12545.58,US Dollar,12545.58,US Dollar,ACH,1
2022/09/06 18:29,00513,802CCDF10,0013078,8053B01E0,975628.10,Rupee,975628.10,Rupee,ACH,1
2022/09/04 05:07,0213,80C93DF00,0116781,806F3C5B0,385527.88,Ruble,385527.88,Ruble,ACH,1
2022/09/03 19:23,0116781,806F3C5B0,0013078,8053B01E0,371570.94,Rupee,371570.94,Rupee,ACH,1
2022/09/05 01:56,0213,80C93DF00,0211,80A5176A0,18611.96,Australian Dollar,18611.96,Australian Dollar,ACH,1
2022/09/04 03:09,0211,80A5176A0,0013078,8053B01E0,967537.34,Rupee,967537.34,Rupee,ACH,1
2022/09/03 08:27,0213,80C93DF00,0213,809E26AD0,18376.77,Canadian Dollar,18376.77,Canadian Dollar,ACH,1
2022/09/04 22:58,0213,809E26AD0,0013078,8053B01E0,918374.42,Rupee,918374.42,Rupee,ACH,1
2022/09/04 16:48,0213,80C93DF00,019740,80A9491C0,84987.30,Yuan,84987.30,Yuan,ACH,1
2022/09/04 18:20,019740,80A9491C0,0013078,8053B01E0,782356.91,Rupee,782356.91,Rupee,ACH,1
2022/09/03 23:39,0213,80C93DF00,0031596,80BFD9240,5545.54,US Dollar,5545.54,US Dollar,ACH,1
2022/09/06 16:48,0031596,80BFD9240,0013078,8053B01E0,338769.92,Rupee,338769.92,Rupee,ACH,1
2022/09/07 00:58,0213,80C93DF00,015863,80B8C96C0,535.44,Euro,535.44,Euro,ACH,1
2022/09/05 08:16,015863,80B8C96C0,0013078,8053B01E0,45286.99,Rupee,45286.99,Rupee,ACH,1
2022/09/04 09:42,0213,80C93DF00,0112,8000C76D0,12539.30,Swiss Franc,12539.30,Swiss Franc,ACH,1
2022/09/03 18:19,0112,8000C76D0,0013078,8053B01E0,823785.72,Rupee,823785.72,Rupee,ACH,1
2022/09/05 20:45,0213,80C93DF00,0125906,80D8F53F0,4322.01,US Dollar,4322.01,US Dollar,ACH,1
2022/09/06 11:14,0125906,80D8F53F0,0013078,8053B01E0,183008.19,Rupee,183008.19,Rupee,ACH,1
2022/09/06 09:49,0213,80C93DF00,0136353,80D6DC9F0,32409.27,Brazil Real,32409.27,Brazil Real,ACH,1
2022/09/03 14:54,0136353,80D6DC9F0,0013078,8053B01E0,421547.26,Rupee,421547.26,Rupee,ACH,1
2022/09/03 01:05,019329,805A91C10,022205,807195E30,17460.84,US Dollar,17460.84,US Dollar,ACH,1
2022/09/05 17:49,022205,807195E30,023842,8017D32A0,15007.57,US Dollar,15007.57,US Dollar,ACH,1
2022/09/03 11:13,019329,805A91C10,01362,800410C30,3581.41,US Dollar,3581.41,US Dollar,ACH,1
2022/09/06 01:43,01362,800410C30,023842,8017D32A0,3661.27,US Dollar,3661.27,US Dollar,ACH,1
2022/09/03 22:30,019329,805A91C10,0214,809510B10,24987.60,Canadian Dollar,24987.60,Canadian Dollar,ACH,1
2022/09/06 06:48,0214,809510B10,023842,8017D32A0,15793.48,US Dollar,15793.48,US Dollar,ACH,1
2022/09/04 00:44,019329,805A91C10,013264,80C208360,5698.16,US Dollar,5698.16,US Dollar,ACH,1
2022/09/06 08:22,013264,80C208360,023842,8017D32A0,5044.93,US Dollar,5044.93,US Dollar,ACH,1
2022/09/04 06:55,019329,805A91C10,0111425,8073E9CC0,11399.51,US Dollar,11399.51,US Dollar,ACH,1
2022/09/06 08:54,0111425,8073E9CC0,023842,8017D32A0,12703.08,US Dollar,12703.08,US Dollar,ACH,1
2022/09/04 09:43,019329,805A91C10,0026302,809CDB340,7550.94,Canadian Dollar,7550.94,Canadian Dollar,ACH,1
2022/09/06 14:57,0026302,809CDB340,023842,8017D32A0,6870.05,US Dollar,6870.05,US Dollar,ACH,1
2022/09/04 12:17,019329,805A91C10,017732,805A58280,7514.02,US Dollar,7514.02,US Dollar,ACH,1
2022/09/06 19:26,017732,805A58280,023842,8017D32A0,9183.21,US Dollar,9183.21,US Dollar,ACH,1
2022/09/05 10:45,019329,805A91C10,01522,801348970,3410.30,Euro,3410.30,Euro,ACH,1
2022/09/06 19:34,01522,801348970,023842,8017D32A0,3202.21,US Dollar,3202.21,US Dollar,ACH,1
2022/09/05 14:56,019329,805A91C10,0113744,810183CE0,6814.89,US Dollar,6814.89,US Dollar,ACH,1
2022/09/06 20:21,0113744,810183CE0,023842,8017D32A0,6814.89,US Dollar,6814.89,US Dollar,ACH,1
2022/09/03 19:30,0012979,80D9A9270,027,80C771F80,337462.77,Mexican Peso,337462.77,Mexican Peso,ACH,1
2022/09/05 12:41,027,80C771F80,0140257,80F0169B0,126134.94,Yuan,126134.94,Yuan,ACH,1
2022/09/03 21:27,0012979,80D9A9270,0024941,809DC9020,22406.35,Canadian Dollar,22406.35,Canadian Dollar,ACH,1
2022/09/05 18:27,0024941,809DC9020,0140257,80F0169B0,113748.79,Yuan,113748.79,Yuan,ACH,1
2022/09/04 17:35,0012979,80D9A9270,0117143,806ED9F10,855353.98,Ruble,855353.98,Ruble,ACH,1
2022/09/06 08:34,0117143,806ED9F10,0140257,80F0169B0,73631.42,Yuan,73631.42,Yuan,ACH,1
2022/09/04 09:35,0020486,807EF78D0,006129,810408DE0,3062.23,US Dollar,3062.23,US Dollar,ACH,1
2022/09/06 11:43,006129,810408DE0,0139793,80EB1AA20,2372.62,Swiss Franc,2372.62,Swiss Franc,ACH,1
2022/09/04 10:52,0020486,807EF78D0,027637,803B7F120,157841439.31,US Dollar,157841439.31,US Dollar,ACH,1
2022/09/06 13:18,027637,803B7F120,0139793,80EB1AA20,130471290.55,Swiss Franc,130471290.55,Swiss Franc,ACH,1
2022/09/04 15:23,0020486,807EF78D0,0032405,811AD68A0,2776.13,Euro,2776.13,Euro,ACH,1
2022/09/06 14:43,0032405,811AD68A0,0139793,80EB1AA20,2976.52,Swiss Franc,2976.52,Swiss Franc,ACH,1
2022/09/05 02:06,0020486,807EF78D0,0121987,80839EF70,77189806.67,UK Pound,77189806.67,UK Pound,ACH,1
2022/09/06 19:44,0121987,80839EF70,0139793,80EB1AA20,89709263.78,Swiss Franc,89709263.78,Swiss Franc,ACH,1
2022/09/05 05:21,0020486,807EF78D0,021745,80AA68C00,4710.67,Euro,4710.67,Euro,ACH,1
2022/09/06 23:27,021745,80AA68C00,0139793,80EB1AA20,5034.37,Swiss Franc,5034.37,Swiss Franc,ACH,1
2022/09/05 05:31,0020486,807EF78D0,0213737,804FE2220,797154.56,Rupee,797154.56,Rupee,ACH,1
2022/09/07 00:58,0213737,804FE2220,0139793,80EB1AA20,9873.51,Swiss Franc,9873.51,Swiss Franc,ACH,1
2022/09/05 11:45,0020486,807EF78D0,020,801DD1C70,4949.49,Euro,4949.49,Euro,ACH,1
2022/09/07 02:52,020,801DD1C70,0139793,80EB1AA20,5563.32,Swiss Franc,5563.32,Swiss Franc,ACH,1
2022/09/05 12:43,0020486,807EF78D0,011056,80157E940,16812757.83,Euro,16812757.83,Euro,ACH,1
2022/09/07 07:10,011056,80157E940,0139793,80EB1AA20,18932676.59,Swiss Franc,18932676.59,Swiss Franc,ACH,1
2022/09/05 14:51,0020486,807EF78D0,006129,80349D400,8444.76,US Dollar,8444.76,US Dollar,ACH,1
2022/09/07 08:26,006129,80349D400,0139793,80EB1AA20,6260.67,Swiss Franc,6260.67,Swiss Franc,ACH,1
2022/09/06 08:59,0020486,807EF78D0,019477,80750D550,127652.54,Yuan,127652.54,Yuan,ACH,1
2022/09/07 11:52,019477,80750D550,0139793,80EB1AA20,17439.39,Swiss Franc,17439.39,Swiss Franc,ACH,1
2022/09/06 09:21,0020486,807EF78D0,0120193,810241490,79082.85,Yuan,79082.85,Yuan,ACH,1
2022/09/07 16:47,0120193,810241490,0139793,80EB1AA20,11901.23,Swiss Franc,11901.23,Swiss Franc,ACH,1
2022/09/06 10:06,0020486,807EF78D0,029,80D578C50,112004.07,Brazil Real,112004.07,Brazil Real,ACH,1
2022/09/07 17:08,029,80D578C50,0139793,80EB1AA20,14893.62,Swiss Franc,14893.62,Swiss Franc,ACH,1
2022/09/06 11:14,0020486,807EF78D0,0149345,8123962F0,45751.86,Saudi Riyal,45751.86,Saudi Riyal,ACH,1
2022/09/08 08:15,0149345,8123962F0,0139793,80EB1AA20,13406.72,Swiss Franc,13406.72,Swiss Franc,ACH,1
2022/09/04 11:17,0238845,80F499130,006803,803FF3D90,4114.97,US Dollar,4114.97,US Dollar,ACH,1
2022/09/06 05:51,006803,803FF3D90,00701,8013F0350,3557.72,US Dollar,3557.72,US Dollar,ACH,1
2022/09/04 11:34,0238845,80F499130,013057,801218970,13055.75,Euro,13055.75,Euro,ACH,1
2022/09/06 08:32,013057,801218970,00701,8013F0350,17734.24,US Dollar,17734.24,US Dollar,ACH,1
2022/09/04 13:15,0238845,80F499130,012,804BD70D0,714486.54,Rupee,714486.54,Rupee,ACH,1
2022/09/06 09:53,012,804BD70D0,00701,8013F0350,11958.54,US Dollar,11958.54,US Dollar,ACH,1
2022/09/04 14:02,0238845,80F499130,0021568,80AAB0290,7296.46,UK Pound,7296.46,UK Pound,ACH,1
2022/09/06 13:16,0021568,80AAB0290,00701,8013F0350,9053.80,US Dollar,9053.80,US Dollar,ACH,1
2022/09/04 15:24,0238845,80F499130,0229089,80C7075C0,19169.54,US Dollar,19169.54,US Dollar,ACH,1
2022/09/06 16:06,0229089,80C7075C0,00701,8013F0350,19169.54,US Dollar,19169.54,US Dollar,ACH,1
2022/09/04 18:44,0238845,80F499130,004523,801BCE220,18395.73,US Dollar,18395.73,US Dollar,ACH,1
2022/09/06 19:22,004523,801BCE220,00701,8013F0350,17842.65,US Dollar,17842.65,US Dollar,ACH,1
2022/09/05 02:17,0238845,80F499130,0132923,80E35A3D0,13282.27,US Dollar,13282.27,US Dollar,ACH,1
2022/09/07 00:01,0132923,80E35A3D0,00701,8013F0350,13430.77,US Dollar,13430.77,US Dollar,ACH,1
2022/09/05 04:45,0238845,80F499130,011318,800836F80,4307.88,US Dollar,4307.88,US Dollar,ACH,1
2022/09/07 09:30,011318,800836F80,00701,8013F0350,3955.25,US Dollar,3955.25,US Dollar,ACH,1
2022/09/05 12:09,0238845,80F499130,016,805016710,1163956.88,Rupee,1163956.88,Rupee,ACH,1
2022/09/07 10:44,016,805016710,00701,8013F0350,16971.29,US Dollar,16971.29,US Dollar,ACH,1
2022/09/05 14:43,0238845,80F499130,0116843,806E1B6F0,128790.43,Ruble,128790.43,Ruble,ACH,1
2022/09/07 11:22,0116843,806E1B6F0,00701,8013F0350,1456.96,US Dollar,1456.96,US Dollar,ACH,1
2022/09/05 16:11,0238845,80F499130,0214,80BE87020,117569.13,Mexican Peso,117569.13,Mexican Peso,ACH,1
2022/09/07 22:10,0214,80BE87020,00701,8013F0350,5472.94,US Dollar,5472.94,US Dollar,ACH,1
2022/09/06 04:01,0238845,80F499130,019535,80D655A00,15756.01,US Dollar,15756.01,US Dollar,ACH,1
2022/09/08 04:16,019535,80D655A00,00701,8013F0350,14793.78,US Dollar,14793.78,US Dollar,ACH,1
2022/09/04 17:25,023691,8021353D0,015231,80266F880,9301.71,Euro,9301.71,Euro,ACH,1
2022/09/08 00:07,015231,80266F880,023691,8021353D0,10813.95,Euro,10813.95,Euro,ACH,1
2022/09/04 22:27,001267,8030004E0,0123390,811006A00,27511574.80,US Dollar,27511574.80,US Dollar,ACH,1
2022/09/05 06:11,0123390,811006A00,0222664,80D7EC5F0,27511574.80,US Dollar,27511574.80,US Dollar,ACH,1
2022/09/07 14:50,001267,8030004E0,0218050,810B68D50,9539.79,Euro,9539.79,Euro,ACH,1
2022/09/08 05:34,0218050,810B68D50,0222664,80D7EC5F0,11178.56,US Dollar,11178.56,US Dollar,ACH,1
2022/09/06 05:45,001267,8030004E0,001916,80218A900,3102.56,Euro,3102.56,Euro,ACH,1
2022/09/05 16:19,001916,80218A900,0222664,80D7EC5F0,3608.47,US Dollar,3608.47,US Dollar,ACH,1
2022/09/05 12:32,001267,8030004E0,0219205,806F2B220,863614.74,Ruble,863614.74,Ruble,ACH,1
2022/09/05 19:27,0219205,806F2B220,0222664,80D7EC5F0,11099.88,US Dollar,11099.88,US Dollar,ACH,1
2022/09/08 14:32,001267,8030004E0,029685,808A00B60,10159354.24,US Dollar,10159354.24,US Dollar,ACH,1
2022/09/05 16:59,029685,808A00B60,0222664,80D7EC5F0,8364848.17,US Dollar,8364848.17,US Dollar,ACH,1
2022/09/07 06:07,001267,8030004E0,0016927,806B5E250,804682.23,Ruble,804682.23,Ruble,ACH,1
2022/09/05 11:25,0016927,806B5E250,0222664,80D7EC5F0,9302.25,US Dollar,9302.25,US Dollar,ACH,1
2022/09/08 11:11,001267,8030004E0,0222363,80C702290,1365.31,US Dollar,1365.31,US Dollar,ACH,1
2022/09/05 17:58,0222363,80C702290,0222664,80D7EC5F0,1300.91,US Dollar,1300.91,US Dollar,ACH,1
2022/09/06 12:44,001267,8030004E0,019,80B061620,6158.60,Australian Dollar,6158.60,Australian Dollar,ACH,1
2022/09/08 15:22,019,80B061620,0222664,80D7EC5F0,4435.08,US Dollar,4435.08,US Dollar,ACH,1
2022/09/05 11:45,001267,8030004E0,0048211,811C42F00,70592.65,Saudi Riyal,70592.65,Saudi Riyal,ACH,1
2022/09/07 13:39,0048211,811C42F00,0222664,80D7EC5F0,18819.19,US Dollar,18819.19,US Dollar,ACH,1
2022/09/06 04:23,001267,8030004E0,0234331,80CDAB750,118461.68,Mexican Peso,118461.68,Mexican Peso,ACH,1
2022/09/05 18:45,0234331,80CDAB750,0222664,80D7EC5F0,5602.85,US Dollar,5602.85,US Dollar,ACH,1
2022/09/07 21:25,001267,8030004E0,001124,80AC45CA0,7718.19,US Dollar,7718.19,US Dollar,ACH,1
2022/09/06 07:27,001124,80AC45CA0,0222664,80D7EC5F0,6824.45,US Dollar,6824.45,US Dollar,ACH,1
2022/09/05 17:21,001267,8030004E0,015643,80A7475A0,9281.00,Euro,9281.00,Euro,ACH,1
2022/09/07 19:51,015643,80A7475A0,0222664,80D7EC5F0,9457.86,US Dollar,9457.86,US Dollar,ACH,1
2022/09/05 06:36,001267,8030004E0,0113865,809326EF0,17964275.84,US Dollar,17964275.84,US Dollar,ACH,1
2022/09/05 15:41,0113865,809326EF0,0222664,80D7EC5F0,14414543.20,US Dollar,14414543.20,US Dollar,ACH,1
2022/09/05 01:54,011405,800EE6B70,02843,80093B290,15480.81,US Dollar,15480.81,US Dollar,ACH,1
2022/09/07 02:39,02843,80093B290,001024,80098A3D0,11335.43,Euro,11335.43,Euro,ACH,1
2022/09/05 03:58,011405,800EE6B70,01688,80082C6C0,10761.27,US Dollar,10761.27,US Dollar,ACH,1
2022/09/07 05:36,01688,80082C6C0,001024,80098A3D0,7574.17,Euro,7574.17,Euro,ACH,1
2022/09/05 14:40,011405,800EE6B70,013345,802288860,3606.30,Euro,3606.30,Euro,ACH,1
2022/09/07 06:57,013345,802288860,001024,80098A3D0,2898.48,Euro,2898.48,Euro,ACH,1
2022/09/05 16:49,011405,800EE6B70,01665,800F31270,12600.93,US Dollar,12600.93,US Dollar,ACH,1
2022/09/07 08:00,01665,800F31270,001024,80098A3D0,10753.63,Euro,10753.63,Euro,ACH,1
2022/09/05 19:38,011405,800EE6B70,014,8007A1C40,96824.67,Yuan,96824.67,Yuan,ACH,1
2022/09/07 09:51,014,8007A1C40,001024,80098A3D0,12337.28,Euro,12337.28,Euro,ACH,1
2022/09/05 23:56,011405,800EE6B70,003489,801AE4070,2727.20,Euro,2727.20,Euro,ACH,1
2022/09/07 11:27,003489,801AE4070,001024,80098A3D0,2561.71,Euro,2561.71,Euro,ACH,1
2022/09/06 08:41,011405,800EE6B70,001,80044A5D0,18721.78,US Dollar,18721.78,US Dollar,ACH,1
2022/09/07 16:48,001,80044A5D0,001024,80098A3D0,18030.25,Euro,18030.25,Euro,ACH,1
2022/09/06 12:26,011405,800EE6B70,01588,80255E6A0,10369.94,US Dollar,10369.94,US Dollar,ACH,1
2022/09/07 23:11,01588,80255E6A0,001024,80098A3D0,9808.16,Euro,9808.16,Euro,ACH,1
2022/09/06 13:58,011405,800EE6B70,01420,801847600,19603.57,US Dollar,19603.57,US Dollar,ACH,1
2022/09/08 06:43,01420,801847600,001024,80098A3D0,18923.45,Euro,18923.45,Euro,ACH,1
2022/09/06 14:37,011405,800EE6B70,00410,8002E9D40,12066.55,Euro,12066.55,Euro,ACH,1
2022/09/08 07:07,00410,8002E9D40,001024,80098A3D0,11499.25,Euro,11499.25,Euro,ACH,1
2022/09/06 15:36,011405,800EE6B70,022736,8024018F0,2652.50,US Dollar,2652.50,US Dollar,ACH,1
2022/09/08 13:53,022736,8024018F0,001024,80098A3D0,2000.15,Euro,2000.15,Euro,ACH,1
2022/09/06 21:08,011405,800EE6B70,021749,801EC18E0,12155.70,Euro,12155.70,Euro,ACH,1
2022/09/08 14:05,021749,801EC18E0,001024,80098A3D0,12624.57,Euro,12624.57,Euro,ACH,1
2022/09/06 21:54,011405,800EE6B70,0223,8000DBF20,12169.60,Saudi Riyal,12169.60,Saudi Riyal,ACH,1
2022/09/08 17:54,0223,8000DBF20,001024,80098A3D0,2794.65,Euro,2794.65,Euro,ACH,1
2022/09/05 04:56,023691,8021353D0,015231,80266F880,3010.10,Euro,3010.10,Euro,ACH,1
2022/09/07 17:53,015231,80266F880,023691,8021353D0,3500.98,Euro,3500.98,Euro,ACH,1
2022/09/05 06:15,0119,812A09CF0,0049365,812A09D40,205.81,Saudi Riyal,205.81,Saudi Riyal,ACH,1
2022/09/06 18:18,0049365,812A09D40,0119,812A09CF0,2503.04,Saudi Riyal,2503.04,Saudi Riyal,ACH,1
2022/09/05 15:47,027241,803BEF990,0027755,80AD960E0,8654.88,Australian Dollar,8654.88,Australian Dollar,ACH,1
2022/09/07 16:58,0027755,80AD960E0,008823,8079C0A30,5909.60,Euro,5909.60,Euro,ACH,1
2022/09/05 16:48,027241,803BEF990,024144,80A8E65D0,105.30,Euro,105.30,Euro,ACH,1
2022/09/07 22:26,024144,80A8E65D0,008823,8079C0A30,94.97,Euro,94.97,Euro,ACH,1
2022/09/06 08:39,027241,803BEF990,0018324,80D2DC7D0,1549.07,US Dollar,1549.07,US Dollar,ACH,1
2022/09/08 05:12,0018324,80D2DC7D0,008823,8079C0A30,1417.75,Euro,1417.75,Euro,ACH,1
2022/09/06 10:36,027241,803BEF990,0024941,809176AF0,9717.89,Canadian Dollar,9717.89,Canadian Dollar,ACH,1
2022/09/08 08:48,0024941,809176AF0,008823,8079C0A30,5343.09,Euro,5343.09,Euro,ACH,1
2022/09/07 11:55,027241,803BEF990,016871,810FB4D10,13596.59,Euro,13596.59,Euro,ACH,1
2022/09/08 09:38,016871,810FB4D10,008823,8079C0A30,13596.59,Euro,13596.59,Euro,ACH,1
2022/09/07 12:27,027241,803BEF990,0234032,812989E20,5939.16,Euro,5939.16,Euro,ACH,1
2022/09/08 10:02,0234032,812989E20,008823,8079C0A30,5939.16,Euro,5939.16,Euro,ACH,1
2022/09/07 14:44,027241,803BEF990,01292,806CAE6D0,14231.37,US Dollar,14231.37,US Dollar,ACH,1
2022/09/08 12:07,01292,806CAE6D0,008823,8079C0A30,9893.43,Euro,9893.43,Euro,ACH,1
2022/09/05 15:53,018196,80B1BF360,0218267,8118F49B0,11598.39,Euro,11598.39,Euro,ACH,1
2022/09/07 15:55,0218267,8118F49B0,0111141,80C5219E0,11598.39,Euro,11598.39,Euro,ACH,1
2022/09/05 16:40,018196,80B1BF360,0014277,80784CCE0,10801.98,Euro,10801.98,Euro,ACH,1
2022/09/07 18:57,0014277,80784CCE0,0111141,80C5219E0,10238.04,Euro,10238.04,Euro,ACH,1
2022/09/05 19:39,018196,80B1BF360,0211,807C59180,6251.07,UK Pound,6251.07,UK Pound,ACH,1
2022/09/07 20:09,0211,807C59180,0111141,80C5219E0,6890.55,Euro,6890.55,Euro,ACH,1
2022/09/06 12:25,018196,80B1BF360,0010099,803D99E70,111526.43,Yen,111526.43,Yen,ACH,1
2022/09/07 20:46,0010099,803D99E70,0111141,80C5219E0,1067.76,Euro,1067.76,Euro,ACH,1
2022/09/06 13:18,018196,80B1BF360,027,80C0458E0,298042.10,Mexican Peso,298042.10,Mexican Peso,ACH,1
2022/09/08 05:08,027,80C0458E0,0111141,80C5219E0,10932.76,Euro,10932.76,Euro,ACH,1
2022/09/06 14:25,018196,80B1BF360,0215841,80FCC1740,14938.93,US Dollar,14938.93,US Dollar,ACH,1
2022/09/08 05:50,0215841,80FCC1740,0111141,80C5219E0,12824.67,Euro,12824.67,Euro,ACH,1
2022/09/06 16:07,018196,80B1BF360,0012461,80CE75620,7524.73,Euro,7524.73,Euro,ACH,1
2022/09/08 12:04,0012461,80CE75620,0111141,80C5219E0,7221.70,Euro,7221.70,Euro,ACH,1
2022/09/06 16:51,018196,80B1BF360,0117299,811BD8570,15767.27,US Dollar,15767.27,US Dollar,ACH,1
2022/09/08 13:41,0117299,811BD8570,0111141,80C5219E0,13455.79,Euro,13455.79,Euro,ACH,1
2022/09/07 03:31,018196,80B1BF360,00410,80D52AE50,4010.95,Euro,4010.95,Euro,ACH,1
2022/09/08 15:02,00410,80D52AE50,0111141,80C5219E0,4911.36,Euro,4911.36,Euro,ACH,1
2022/09/07 09:03,018196,80B1BF360,0012129,80C4CCF20,1159774.63,Yen,1159774.63,Yen,ACH,1
2022/09/08 15:35,0012129,80C4CCF20,0111141,80C5219E0,7592.63,Euro,7592.63,Euro,ACH,1
2022/09/07 13:10,018196,80B1BF360,00220,8002B5EE0,16519.44,US Dollar,16519.44,US Dollar,ACH,1
2022/09/09 03:51,00220,8002B5EE0,0111141,80C5219E0,11558.68,Euro,11558.68,Euro,ACH,1
2022/09/07 14:23,018196,80B1BF360,0131800,81071A7F0,5284.60,Euro,5284.60,Euro,ACH,1
2022/09/09 14:48,0131800,81071A7F0,0111141,80C5219E0,5284.60,Euro,5284.60,Euro,ACH,1
2022/09/06 01:36,0119,811C597B0,0048309,811C599A0,25546149.73,Saudi Riyal,25546149.73,Saudi Riyal,ACH,1
2022/09/07 12:26,0048309,811C599A0,0119,811C597B0,21304728.68,Saudi Riyal,21304728.68,Saudi Riyal,ACH,1
2022/09/07 11:04,0119,811C597B0,0150240,812D22980,23430.29,Saudi Riyal,23430.29,Saudi Riyal,ACH,1
2022/09/07 13:11,0150240,812D22980,0119,811C597B0,28525.51,Saudi Riyal,28525.51,Saudi Riyal,ACH,1
2022/09/06 02:26,0119,812A09CF0,0049365,812A09D40,52938.65,Saudi Riyal,52938.65,Saudi Riyal,ACH,1
2022/09/09 11:21,0049365,812A09D40,0119,812A09CF0,51319.73,Saudi Riyal,51319.73,Saudi Riyal,ACH,1
2022/09/06 12:50,005836,80DEE3B40,0117,80E50A610,7157.59,Swiss Franc,7157.59,Swiss Franc,ACH,1
2022/09/08 08:44,0117,80E50A610,0015085,81121FAB0,7822.50,US Dollar,7822.50,US Dollar,ACH,1
2022/09/06 15:47,005836,80DEE3B40,0027120,809F77020,10612547.90,Canadian Dollar,10612547.90,Canadian Dollar,ACH,1
2022/09/08 11:06,0027120,809F77020,0015085,81121FAB0,6756258.13,US Dollar,6756258.13,US Dollar,ACH,1
2022/09/06 21:57,005836,80DEE3B40,02591,801A8B2F0,2460.27,Euro,2460.27,Euro,ACH,1
2022/09/08 12:40,02591,801A8B2F0,0015085,81121FAB0,2453.56,US Dollar,2453.56,US Dollar,ACH,1
2022/09/07 10:09,005836,80DEE3B40,004403,802555EE0,14698.80,US Dollar,14698.80,US Dollar,ACH,1
2022/09/09 11:13,004403,802555EE0,0015085,81121FAB0,13717.10,US Dollar,13717.10,US Dollar,ACH,1
2022/09/07 11:44,005836,80DEE3B40,0222697,8087F4940,12034.92,UK Pound,12034.92,UK Pound,ACH,1
2022/09/09 15:58,0222697,8087F4940,0015085,81121FAB0,17049.76,US Dollar,17049.76,US Dollar,ACH,1
2022/09/07 12:57,005836,80DEE3B40,010,800E9F0B0,498.75,US Dollar,498.75,US Dollar,ACH,1
2022/09/09 16:28,010,800E9F0B0,0015085,81121FAB0,498.75,US Dollar,498.75,US Dollar,ACH,1
2022/09/07 15:31,005836,80DEE3B40,0225454,80974CBF0,16675.94,Canadian Dollar,16675.94,Canadian Dollar,ACH,1
2022/09/09 18:14,0225454,80974CBF0,0015085,81121FAB0,10586.64,US Dollar,10586.64,US Dollar,ACH,1
2022/09/07 16:00,005836,80DEE3B40,0012803,80C815B70,13300.55,US Dollar,13300.55,US Dollar,ACH,1
2022/09/09 19:45,0012803,80C815B70,0015085,81121FAB0,11932.17,US Dollar,11932.17,US Dollar,ACH,1
2022/09/07 17:11,005836,80DEE3B40,013327,8021BC810,10613.66,US Dollar,10613.66,US Dollar,ACH,1
2022/09/10 05:37,013327,8021BC810,0015085,81121FAB0,9719.50,US Dollar,9719.50,US Dollar,ACH,1
2022/09/07 18:56,005836,80DEE3B40,0021615,80B0F1830,129040.08,Yuan,129040.08,Yuan,ACH,1
2022/09/10 07:57,0021615,80B0F1830,0015085,81121FAB0,16280.79,US Dollar,16280.79,US Dollar,ACH,1
2022/09/07 23:25,005836,80DEE3B40,003149,80156DE70,18377.10,US Dollar,18377.10,US Dollar,ACH,1
2022/09/10 09:45,003149,80156DE70,0015085,81121FAB0,16530.28,US Dollar,16530.28,US Dollar,ACH,1
2022/09/08 00:19,005836,80DEE3B40,0228054,80A49BA50,8268.78,Australian Dollar,8268.78,Australian Dollar,ACH,1
2022/09/10 10:20,0228054,80A49BA50,0015085,81121FAB0,5814.03,US Dollar,5814.03,US Dollar,ACH,1
2022/09/08 08:24,005836,80DEE3B40,0147241,812A129E0,12843.25,US Dollar,12843.25,US Dollar,ACH,1
2022/09/10 12:19,0147241,812A129E0,0015085,81121FAB0,12843.25,US Dollar,12843.25,US Dollar,ACH,1
2022/09/06 17:24,007675,8093BA230,003698,808222DA0,10740.09,US Dollar,10740.09,US Dollar,ACH,1
2022/09/09 00:49,003698,808222DA0,0210261,803B8BFC0,1081714.10,Yen,1081714.10,Yen,ACH,1
2022/09/07 07:32,007675,8093BA230,019474,80DA6F420,1338.15,US Dollar,1338.15,US Dollar,ACH,1
2022/09/09 08:39,019474,80DA6F420,0210261,803B8BFC0,139682.60,Yen,139682.60,Yen,ACH,1
2022/09/07 08:07,007675,8093BA230,012797,80D955860,12583.90,Euro,12583.90,Euro,ACH,1
2022/09/09 13:08,012797,80D955860,0210261,803B8BFC0,1357453.18,Yen,1357453.18,Yen,ACH,1
2022/09/07 12:39,007675,8093BA230,0214615,80D634110,11203.17,US Dollar,11203.17,US Dollar,ACH,1
2022/09/09 14:59,0214615,80D634110,0210261,803B8BFC0,1118595.75,Yen,1118595.75,Yen,ACH,1
2022/09/07 14:51,007675,8093BA230,001,800340470,17647.84,US Dollar,17647.84,US Dollar,ACH,1
2022/09/10 01:43,001,800340470,0210261,803B8BFC0,1671193.57,Yen,1671193.57,Yen,ACH,1
2022/09/08 12:24,007675,8093BA230,0013969,81223EDF0,1102720.64,Rupee,1102720.64,Rupee,ACH,1
2022/09/10 07:23,0013969,81223EDF0,0210261,803B8BFC0,1552912.19,Yen,1552912.19,Yen,ACH,1
2022/09/08 12:43,007675,8093BA230,022164,80236ED50,13861.92,US Dollar,13861.92,US Dollar,ACH,1
2022/09/10 11:46,022164,80236ED50,0210261,803B8BFC0,1461046.77,Yen,1461046.77,Yen,ACH,1
2022/09/08 19:48,007675,8093BA230,0225215,8098DA930,22304.22,Canadian Dollar,22304.22,Canadian Dollar,ACH,1
2022/09/10 15:43,0225215,8098DA930,0210261,803B8BFC0,1781903.40,Yen,1781903.40,Yen,ACH,1
2022/09/07 02:25,005,807E7A050,018549,8066C70E0,17620.22,US Dollar,17620.22,US Dollar,ACH,1
2022/09/10 08:26,018549,8066C70E0,01547,801C95950,15037.10,Euro,15037.10,Euro,ACH,1
2022/09/07 12:18,005,807E7A050,0011642,8054BBA20,8610.64,US Dollar,8610.64,US Dollar,ACH,1
2022/09/10 10:22,0011642,8054BBA20,01547,801C95950,7348.32,Euro,7348.32,Euro,ACH,1
2022/09/09 09:30,005,807E7A050,00701,801F61160,2284.16,US Dollar,2284.16,US Dollar,ACH,1
2022/09/10 14:15,00701,801F61160,01547,801C95950,1577.86,Euro,1577.86,Euro,ACH,1
2022/09/07 03:15,013554,8018BB080,01292,800473820,9863.48,US Dollar,9863.48,US Dollar,ACH,1
2022/09/09 21:54,01292,800473820,00908,801A655B0,11996.20,US Dollar,11996.20,US Dollar,ACH,1
2022/09/10 23:31,013554,8018BB080,00220,800118660,17840.31,US Dollar,17840.31,US Dollar,ACH,1
2022/09/07 08:08,00220,800118660,00908,801A655B0,17840.31,US Dollar,17840.31,US Dollar,ACH,1
2022/09/09 12:56,013554,8018BB080,01490,8018B5A10,3228.20,Euro,3228.20,Euro,ACH,1
2022/09/09 17:38,01490,8018B5A10,00908,801A655B0,4000.42,US Dollar,4000.42,US Dollar,ACH,1
2022/09/08 12:57,013554,8018BB080,011157,8010D6C80,3640.97,US Dollar,3640.97,US Dollar,ACH,1
2022/09/09 08:47,011157,8010D6C80,00908,801A655B0,4352.24,US Dollar,4352.24,US Dollar,ACH,1
2022/09/08 23:18,013554,8018BB080,011471,8016A8DE0,4172.21,US Dollar,4172.21,US Dollar,ACH,1
2022/09/07 15:30,011471,8016A8DE0,00908,801A655B0,4623.06,US Dollar,4623.06,US Dollar,ACH,1
2022/09/07 14:59,013554,8018BB080,010,801998160,19189.53,US Dollar,19189.53,US Dollar,ACH,1
2022/09/10 12:25,010,801998160,00908,801A655B0,16318.21,US Dollar,16318.21,US Dollar,ACH,1
2022/09/07 12:22,013554,8018BB080,001299,801EF79E0,15802.78,Euro,15802.78,Euro,ACH,1
2022/09/09 19:53,001299,801EF79E0,00908,801A655B0,15480.79,US Dollar,15480.79,US Dollar,ACH,1
2022/09/09 16:01,013554,8018BB080,00701,800A8E530,18888.26,US Dollar,18888.26,US Dollar,ACH,1
2022/09/11 01:01,00701,800A8E530,00908,801A655B0,15973.12,US Dollar,15973.12,US Dollar,ACH,1
2022/09/09 14:17,013554,8018BB080,020,8001B7DB0,3959.45,Euro,3959.45,Euro,ACH,1
2022/09/08 14:24,020,8001B7DB0,00908,801A655B0,5232.49,US Dollar,5232.49,US Dollar,ACH,1
2022/09/07 07:07,0011030,80CB65920,011852,80C8BC8F0,16818.22,Euro,16818.22,Euro,ACH,1
2022/09/08 20:32,011852,80C8BC8F0,01292,80AE68D00,19707.31,US Dollar,19707.31,US Dollar,ACH,1
2022/09/07 11:17,0011030,80CB65920,0239604,80E62A630,9970.77,Swiss Franc,9970.77,Swiss Franc,ACH,1
2022/09/09 01:37,0239604,80E62A630,01292,80AE68D00,10068.92,US Dollar,10068.92,US Dollar,ACH,1
2022/09/07 11:38,0011030,80CB65920,0011899,804844840,18348.21,US Dollar,18348.21,US Dollar,ACH,1
2022/09/09 05:18,0011899,804844840,01292,80AE68D00,16942.48,US Dollar,16942.48,US Dollar,ACH,1
2022/09/07 15:13,0011030,80CB65920,001411,802371D80,13201.33,US Dollar,13201.33,US Dollar,ACH,1
2022/09/09 08:51,001411,802371D80,01292,80AE68D00,11699.21,US Dollar,11699.21,US Dollar,ACH,1
2022/09/07 16:42,0011030,80CB65920,006276,80D551FF0,18150.36,US Dollar,18150.36,US Dollar,ACH,1
2022/09/09 17:32,006276,80D551FF0,01292,80AE68D00,15492.23,US Dollar,15492.23,US Dollar,ACH,1
2022/09/07 17:24,0011030,80CB65920,0013184,805C26F90,1383051.53,Rupee,1383051.53,Rupee,ACH,1
2022/09/09 19:27,0013184,805C26F90,01292,80AE68D00,21254.73,US Dollar,21254.73,US Dollar,ACH,1
2022/09/07 17:48,0011030,80CB65920,006,80A1FB9F0,9499.91,Australian Dollar,9499.91,Australian Dollar,ACH,1
2022/09/10 04:14,006,80A1FB9F0,01292,80AE68D00,6616.04,US Dollar,6616.04,US Dollar,ACH,1
2022/09/07 19:11,0011030,80CB65920,0013029,804F47D50,543759.49,Rupee,543759.49,Rupee,ACH,1
2022/09/10 05:52,0013029,804F47D50,01292,80AE68D00,8383.91,US Dollar,8383.91,US Dollar,ACH,1
2022/09/07 20:22,0011030,80CB65920,006129,807809890,4585.89,US Dollar,4585.89,US Dollar,ACH,1
2022/09/10 08:42,006129,807809890,01292,80AE68D00,4028.18,US Dollar,4028.18,US Dollar,ACH,1
2022/09/08 01:11,0011030,80CB65920,011,80031A110,3575.56,Euro,3575.56,Euro,ACH,1
2022/09/10 09:13,011,80031A110,01292,80AE68D00,3992.11,US Dollar,3992.11,US Dollar,ACH,1
2022/09/08 09:08,0011030,80CB65920,022828,80104ABA0,6741.71,US Dollar,6741.71,US Dollar,ACH,1
2022/09/10 12:14,022828,80104ABA0,01292,80AE68D00,6741.71,US Dollar,6741.71,US Dollar,ACH,1
2022/09/08 09:43,0011030,80CB65920,023537,802929810,8422.84,US Dollar,8422.84,US Dollar,ACH,1
2022/09/10 17:11,023537,802929810,01292,80AE68D00,7697.08,US Dollar,7697.08,US Dollar,ACH,1
2022/09/08 14:57,0011030,80CB65920,015863,807D147A0,2127.62,Euro,2127.62,Euro,ACH,1
2022/09/11 05:46,015863,807D147A0,01292,80AE68D00,2493.11,US Dollar,2493.11,US Dollar,ACH,1
2022/09/07 10:24,015231,80266F880,023691,8021353D0,17049.78,Euro,17049.78,Euro,ACH,1
2022/09/08 10:59,023691,8021353D0,015231,80266F880,15031.48,Euro,15031.48,Euro,ACH,1
2022/09/07 21:24,002824,80200E890,0110603,80865D2F0,1996.61,US Dollar,1996.61,US Dollar,ACH,1
2022/09/10 17:49,0110603,80865D2F0,0117070,807065AD0,138843.16,Ruble,138843.16,Ruble,ACH,1
2022/09/07 21:35,002824,80200E890,0214,809111530,8877.08,Canadian Dollar,8877.08,Canadian Dollar,ACH,1
2022/09/11 06:49,0214,809111530,0117070,807065AD0,484913.13,Ruble,484913.13,Ruble,ACH,1
2022/09/08 11:23,002824,80200E890,003144,8019E69B0,5106.73,US Dollar,5106.73,US Dollar,ACH,1
2022/09/11 12:06,003144,8019E69B0,0117070,807065AD0,351367.37,Ruble,351367.37,Ruble,ACH,1
2022/09/09 12:21,002824,80200E890,029794,8065CD500,2070.44,Euro,2070.44,Euro,ACH,1
2022/09/11 16:14,029794,8065CD500,0117070,807065AD0,230883.21,Ruble,230883.21,Ruble,ACH,1
2022/09/09 15:59,002824,80200E890,01729,800E25B20,1134.42,US Dollar,1134.42,US Dollar,ACH,1
2022/09/11 18:58,01729,800E25B20,0117070,807065AD0,88262.59,Ruble,88262.59,Ruble,ACH,1
2022/09/10 16:36,002824,80200E890,025075,80D165A40,974.88,US Dollar,974.88,US Dollar,ACH,1
2022/09/11 21:11,025075,80D165A40,0117070,807065AD0,67841.59,Ruble,67841.59,Ruble,ACH,1
2022/09/08 05:39,023842,8019C0990,003149,80145D1D0,19848.61,US Dollar,19848.61,US Dollar,ACH,1
2022/09/09 18:10,003149,80145D1D0,021258,8028E8460,20898.98,US Dollar,20898.98,US Dollar,ACH,1
2022/09/08 06:58,023842,8019C0990,00701,80514DE20,13737.46,US Dollar,13737.46,US Dollar,ACH,1
2022/09/10 02:16,00701,80514DE20,021258,8028E8460,15254.39,US Dollar,15254.39,US Dollar,ACH,1
2022/09/08 11:14,023842,8019C0990,001,800459750,13313.45,US Dollar,13313.45,US Dollar,ACH,1
2022/09/10 17:06,001,800459750,021258,8028E8460,13313.45,US Dollar,13313.45,US Dollar,ACH,1
2022/09/08 12:48,023842,8019C0990,001267,802FBEBC0,91418.85,Yuan,91418.85,Yuan,ACH,1
2022/09/10 20:38,001267,802FBEBC0,021258,8028E8460,13811.55,US Dollar,13811.55,US Dollar,ACH,1
2022/09/08 13:50,023842,8019C0990,001665,800F24BE0,13986.49,Euro,13986.49,Euro,ACH,1
2022/09/10 21:37,001665,800F24BE0,021258,8028E8460,16389.14,US Dollar,16389.14,US Dollar,ACH,1
2022/09/08 16:30,023842,8019C0990,01674,8006A6CF0,17576.30,US Dollar,17576.30,US Dollar,ACH,1
2022/09/11 04:04,01674,8006A6CF0,021258,8028E8460,15214.20,US Dollar,15214.20,US Dollar,ACH,1
2022/09/08 18:08,023842,8019C0990,018200,803616220,108970.89,Yuan,108970.89,Yuan,ACH,1
2022/09/11 08:05,018200,803616220,021258,8028E8460,15291.64,US Dollar,15291.64,US Dollar,ACH,1
2022/09/08 23:56,023842,8019C0990,017327,805A16080,6370.00,US Dollar,6370.00,US Dollar,ACH,1
2022/09/11 11:39,017327,805A16080,021258,8028E8460,6370.00,US Dollar,6370.00,US Dollar,ACH,1
2022/09/09 02:17,023842,8019C0990,0016678,806E5B990,115934.73,Ruble,115934.73,Ruble,ACH,1
2022/09/11 13:05,0016678,806E5B990,021258,8028E8460,1845.05,US Dollar,1845.05,US Dollar,ACH,1
2022/09/09 04:38,023842,8019C0990,0112931,8053BE3E0,118138.68,Rupee,118138.68,Rupee,ACH,1
2022/09/11 14:56,0112931,8053BE3E0,021258,8028E8460,1608.55,US Dollar,1608.55,US Dollar,ACH,1
2022/09/09 09:31,023842,8019C0990,019477,80381C7A0,41375.79,Yuan,41375.79,Yuan,ACH,1
2022/09/11 15:35,019477,80381C7A0,021258,8028E8460,5182.98,US Dollar,5182.98,US Dollar,ACH,1
2022/09/09 11:49,023842,8019C0990,01490,80779F730,16497.64,Euro,16497.64,Euro,ACH,1
2022/09/11 18:27,01490,80779F730,021258,8028E8460,20182.57,US Dollar,20182.57,US Dollar,ACH,1
2022/09/09 12:20,023842,8019C0990,002454,8016EFD70,6593.51,US Dollar,6593.51,US Dollar,ACH,1
2022/09/12 03:52,002454,8016EFD70,021258,8028E8460,5500.55,US Dollar,5500.55,US Dollar,ACH,1
2022/09/08 08:02,02591,800AEAC00,001,8001E6840,19874.09,US Dollar,19874.09,US Dollar,ACH,1
2022/09/10 16:36,001,8001E6840,022,8000EE420,15526.31,Euro,15526.31,Euro,ACH,1
2022/09/08 08:46,02591,800AEAC00,001,8001BA930,16439.17,US Dollar,16439.17,US Dollar,ACH,1
2022/09/10 17:44,001,8001BA930,022,8000EE420,12675.54,Euro,12675.54,Euro,ACH,1
2022/09/08 09:52,02591,800AEAC00,023,80027A2B0,4428.75,Euro,4428.75,Euro,ACH,1
2022/09/11 10:28,023,80027A2B0,022,8000EE420,4411.66,Euro,4411.66,Euro,ACH,1
2022/09/08 14:41,02591,800AEAC00,00220,8001576B0,16880.57,US Dollar,16880.57,US Dollar,ACH,1
2022/09/11 12:23,00220,8001576B0,022,8000EE420,13322.20,Euro,13322.20,Euro,ACH,1
2022/09/08 16:16,02591,800AEAC00,01502,8009FD120,261675.02,Euro,261675.02,Euro,ACH,1
2022/09/11 13:19,01502,8009FD120,022,8000EE420,261675.02,Euro,261675.02,Euro,ACH,1
2022/09/08 18:01,02591,800AEAC00,01665,8006A4A30,172117.87,US Dollar,172117.87,US Dollar,ACH,1
2022/09/11 15:51,01665,8006A4A30,022,8000EE420,122502.72,Euro,122502.72,Euro,ACH,1
2022/09/08 19:17,02591,800AEAC00,020,8002DA960,1929.85,Euro,1929.85,Euro,ACH,1
2022/09/11 17:19,020,8002DA960,022,8000EE420,1947.17,Euro,1947.17,Euro,ACH,1
2022/09/09 12:39,02591,800AEAC00,00410,8003AA6D0,306.49,Euro,306.49,Euro,ACH,1
2022/09/11 19:33,00410,8003AA6D0,022,8000EE420,280.84,Euro,280.84,Euro,ACH,1
2022/09/09 22:47,02591,800AEAC00,011,8007F79F0,15362.82,Euro,15362.82,Euro,ACH,1
2022/09/11 21:15,011,8007F79F0,022,8000EE420,13468.05,Euro,13468.05,Euro,ACH,1
2022/09/10 10:50,02591,800AEAC00,00795,8005A64B0,6792.95,US Dollar,6792.95,US Dollar,ACH,1
2022/09/11 23:03,00795,8005A64B0,022,8000EE420,5553.65,Euro,5553.65,Euro,ACH,1
2022/09/10 13:46,02591,800AEAC00,00908,8005C1970,2382.00,US Dollar,2382.00,US Dollar,ACH,1
2022/09/12 03:44,00908,8005C1970,022,8000EE420,2258.90,Euro,2258.90,Euro,ACH,1
2022/09/08 10:04,0015040,8111CA220,022758,802716DD0,7225.17,Euro,7225.17,Euro,ACH,1
2022/09/10 07:18,022758,802716DD0,0010,80CCC1960,46443.80,Brazil Real,46443.80,Brazil Real,ACH,1
2022/09/08 16:22,0015040,8111CA220,0038478,80EDE0B20,1399.61,Swiss Franc,1399.61,Swiss Franc,ACH,1
2022/09/10 12:28,0038478,80EDE0B20,0010,80CCC1960,8345.86,Brazil Real,8345.86,Brazil Real,ACH,1
2022/09/08 17:09,0015040,8111CA220,0210690,803F63CA0,306913.49,Yen,306913.49,Yen,ACH,1
2022/09/10 13:31,0210690,803F63CA0,0010,80CCC1960,16422.61,Brazil Real,16422.61,Brazil Real,ACH,1
2022/09/09 11:49,0015040,8111CA220,0111443,807A67850,3169.08,US Dollar,3169.08,US Dollar,ACH,1
2022/09/10 15:49,0111443,807A67850,0010,80CCC1960,15060.01,Brazil Real,15060.01,Brazil Real,ACH,1
2022/09/09 13:15,0015040,8111CA220,0020822,808F66DC0,51424.51,Yuan,51424.51,Yuan,ACH,1
2022/09/11 07:25,0020822,808F66DC0,0010,80CCC1960,41708.54,Brazil Real,41708.54,Brazil Real,ACH,1
2022/09/09 19:02,0015040,8111CA220,02591,800516840,6804.20,Euro,6804.20,Euro,ACH,1
2022/09/12 00:25,02591,800516840,0010,80CCC1960,51670.50,Brazil Real,51670.50,Brazil Real,ACH,1
2022/09/08 23:49,013862,8078765D0,003489,801C63740,9676.17,Euro,9676.17,Euro,ACH,1
2022/09/11 11:26,003489,801C63740,01601,80340DCF0,10861.49,US Dollar,10861.49,US Dollar,ACH,1
2022/09/09 08:46,013862,8078765D0,021918,80211A0E0,14172.64,Euro,14172.64,Euro,ACH,1
2022/09/11 14:23,021918,80211A0E0,01601,80340DCF0,20090.35,US Dollar,20090.35,US Dollar,ACH,1
2022/09/09 09:55,013862,8078765D0,023,8007EF950,15461.79,Euro,15461.79,Euro,ACH,1
2022/09/11 14:45,023,8007EF950,01601,80340DCF0,20538.80,US Dollar,20538.80,US Dollar,ACH,1
2022/09/09 11:54,013862,8078765D0,0010441,8046D5A70,3509.80,Euro,3509.80,Euro,ACH,1
2022/09/11 15:21,0010441,8046D5A70,01601,80340DCF0,5021.92,US Dollar,5021.92,US Dollar,ACH,1
2022/09/09 15:17,013862,8078765D0,0116,80EB726B0,5508.41,Swiss Franc,5508.41,Swiss Franc,ACH,1
2022/09/11 22:58,0116,80EB726B0,01601,80340DCF0,6020.12,US Dollar,6020.12,US Dollar,ACH,1
2022/09/09 19:06,013862,8078765D0,0221891,80D328960,6615.83,US Dollar,6615.83,US Dollar,ACH,1
2022/09/12 02:43,0221891,80D328960,01601,80340DCF0,7851.61,US Dollar,7851.61,US Dollar,ACH,1
2022/09/09 20:20,013862,8078765D0,0039775,80F224D00,15354.85,Swiss Franc,15354.85,Swiss Franc,ACH,1
2022/09/12 08:00,0039775,80F224D00,01601,80340DCF0,15320.00,US Dollar,15320.00,US Dollar,ACH,1
2022/09/09 21:34,013862,8078765D0,015723,80273FB80,7233.98,US Dollar,7233.98,US Dollar,ACH,1
2022/09/12 08:50,015723,80273FB80,01601,80340DCF0,7100.21,US Dollar,7100.21,US Dollar,ACH,1
2022/09/10 00:52,013862,8078765D0,01674,8003E5BD0,17108.43,US Dollar,17108.43,US Dollar,ACH,1
2022/09/12 09:42,01674,8003E5BD0,01601,80340DCF0,19952.97,US Dollar,19952.97,US Dollar,ACH,1
2022/09/10 12:13,013862,8078765D0,024,803D94320,1538506.72,Yen,1538506.72,Yen,ACH,1
2022/09/12 12:28,024,803D94320,01601,80340DCF0,13561.88,US Dollar,13561.88,US Dollar,ACH,1
2022/09/10 14:10,013862,8078765D0,013145,80BC14260,18810.17,US Dollar,18810.17,US Dollar,ACH,1
2022/09/12 13:17,013145,80BC14260,01601,80340DCF0,17997.80,US Dollar,17997.80,US Dollar,ACH,1
2022/09/10 17:13,013862,8078765D0,0014387,80D519890,11516.81,US Dollar,11516.81,US Dollar,ACH,1
2022/09/12 14:30,0014387,80D519890,01601,80340DCF0,11300.38,US Dollar,11300.38,US Dollar,ACH,1
2022/09/11 08:28,013862,8078765D0,0210829,80DFF8490,5690.39,Euro,5690.39,Euro,ACH,1
2022/09/12 16:26,0210829,80DFF8490,01601,80340DCF0,6591.29,US Dollar,6591.29,US Dollar,ACH,1
2022/09/09 02:01,0148350,811FFF630,0148350,812D0C3C0,19776.22,Saudi Riyal,19776.22,Saudi Riyal,ACH,1
2022/09/11 12:46,0148350,812D0C3C0,0148350,811FFF630,19296.88,Saudi Riyal,19296.88,Saudi Riyal,ACH,1
2022/09/09 13:03,0148350,811FFF630,0050528,812D0C600,63212.42,Saudi Riyal,63212.42,Saudi Riyal,ACH,1
2022/09/11 17:24,0050528,812D0C600,0148350,811FFF630,66793.17,Saudi Riyal,66793.17,Saudi Riyal,ACH,1
2022/09/09 05:39,0049365,812A09D40,0119,812A09CF0,55736.59,Saudi Riyal,55736.59,Saudi Riyal,ACH,1
2022/09/11 17:12,0119,812A09CF0,0049365,812A09D40,59658.84,Saudi Riyal,59658.84,Saudi Riyal,ACH,1
2022/09/09 07:08,020,8010CDC50,01292,80064D1E0,3816.20,US Dollar,3816.20,US Dollar,ACH,1
2022/09/11 05:25,01292,80064D1E0,01490,800B65420,2907.58,Euro,2907.58,Euro,ACH,1
2022/09/09 09:23,020,8010CDC50,003045,8016E89F0,6312.29,Euro,6312.29,Euro,ACH,1
2022/09/11 15:55,003045,8016E89F0,01490,800B65420,6120.05,Euro,6120.05,Euro,ACH,1
2022/09/09 17:29,020,8010CDC50,001,8003E2FB0,14983.77,US Dollar,14983.77,US Dollar,ACH,1
2022/09/12 10:33,001,8003E2FB0,01490,800B65420,12249.73,Euro,12249.73,Euro,ACH,1
2022/09/09 18:09,0048308,811EDA7A0,0048309,81235EAA0,18754.02,Saudi Riyal,18754.02,Saudi Riyal,ACH,1
2022/09/12 15:05,0048309,81235EAA0,0119,81235E8B0,18158.95,Saudi Riyal,18158.95,Saudi Riyal,ACH,1
2022/09/11 11:05,0048308,811EDA7A0,0223,811A65E30,31774.15,Saudi Riyal,31774.15,Saudi Riyal,ACH,1
2022/09/12 06:40,0223,811A65E30,0119,81235E8B0,32084.43,Saudi Riyal,32084.43,Saudi Riyal,ACH,1
2022/09/12 07:02,0048308,811EDA7A0,0048910,8120D49E0,6273.91,Saudi Riyal,6273.91,Saudi Riyal,ACH,1
2022/09/10 15:43,0048910,8120D49E0,0119,81235E8B0,7589.12,Saudi Riyal,7589.12,Saudi Riyal,ACH,1
2022/09/11 09:16,0048308,811EDA7A0,0048526,8120D4990,69219.09,Saudi Riyal,69219.09,Saudi Riyal,ACH,1
2022/09/13 10:08,0048526,8120D4990,0119,81235E8B0,77168.22,Saudi Riyal,77168.22,Saudi Riyal,ACH,1
2022/09/12 16:59,0048308,811EDA7A0,0149345,812D1AC00,62624.08,Saudi Riyal,62624.08,Saudi Riyal,ACH,1
2022/09/13 12:50,0149345,812D1AC00,0119,81235E8B0,9393.09,Saudi Riyal,9393.09,Saudi Riyal,ACH,1
2022/09/10 10:32,0048308,811EDA7A0,0048308,811ED7DF0,15339.00,Saudi Riyal,15339.00,Saudi Riyal,ACH,1
2022/09/10 18:56,0048308,811ED7DF0,0119,81235E8B0,14193.55,Saudi Riyal,14193.55,Saudi Riyal,ACH,1
2022/09/13 17:59,0048308,811EDA7A0,0249118,812D1A650,59140.58,Saudi Riyal,59140.58,Saudi Riyal,ACH,1
2022/09/10 05:55,0249118,812D1A650,0119,81235E8B0,55163.91,Saudi Riyal,55163.91,Saudi Riyal,ACH,1
2022/09/12 08:46,0048308,811EDA7A0,0148348,81235EE30,14228.54,Saudi Riyal,14228.54,Saudi Riyal,ACH,1
2022/09/11 17:32,0148348,81235EE30,0119,81235E8B0,17649.72,Saudi Riyal,17649.72,Saudi Riyal,ACH,1
2022/09/11 06:30,0048308,811EDA7A0,0148016,811C4EDD0,71346.99,Saudi Riyal,71346.99,Saudi Riyal,ACH,1
2022/09/12 14:24,0148016,811C4EDD0,0119,81235E8B0,74628.48,Saudi Riyal,74628.48,Saudi Riyal,ACH,1
2022/09/12 08:05,0048308,811EDA7A0,0251264,812D1B280,87724168.28,Saudi Riyal,87724168.28,Saudi Riyal,ACH,1
2022/09/13 06:14,0251264,812D1B280,0119,81235E8B0,71886577.98,Saudi Riyal,71886577.98,Saudi Riyal,ACH,1
2022/09/11 05:52,0048308,811EDA7A0,0223,812D1A410,37845.11,Saudi Riyal,37845.11,Saudi Riyal,ACH,1
2022/09/11 19:30,0223,812D1A410,0119,81235E8B0,37845.11,Saudi Riyal,37845.11,Saudi Riyal,ACH,1
2022/09/13 11:38,0048308,811EDA7A0,0118,811A67510,40642.11,Saudi Riyal,40642.11,Saudi Riyal,ACH,1
2022/09/10 11:00,0118,811A67510,0119,81235E8B0,45385.21,Saudi Riyal,45385.21,Saudi Riyal,ACH,1
2022/09/09 21:07,023691,8021353D0,015231,80266F880,11931.69,Euro,11931.69,Euro,ACH,1
2022/09/11 14:13,015231,80266F880,023691,8021353D0,11630.58,Euro,11630.58,Euro,ACH,1
2022/09/10 02:46,007548,8040AE4F0,0115915,80C136480,2232050.16,US Dollar,2232050.16,US Dollar,ACH,1
2022/09/12 07:57,0115915,80C136480,0011128,80465E020,243308041.20,Yen,243308041.20,Yen,ACH,1
2022/09/10 10:49,007548,8040AE4F0,002845,80C95D120,5925.62,US Dollar,5925.62,US Dollar,ACH,1
2022/09/12 10:54,002845,80C95D120,0011128,80465E020,512183.03,Yen,512183.03,Yen,ACH,1
2022/09/10 11:14,007548,8040AE4F0,00220,80AE6EAD0,19841.51,US Dollar,19841.51,US Dollar,ACH,1
2022/09/12 11:51,00220,80AE6EAD0,0011128,80465E020,1727893.08,Yen,1727893.08,Yen,ACH,1
2022/09/10 12:03,007548,8040AE4F0,014663,8056D24A0,13478.31,Euro,13478.31,Euro,ACH,1
2022/09/12 17:06,014663,8056D24A0,0011128,80465E020,1664651.67,Yen,1664651.67,Yen,ACH,1
2022/09/10 13:17,007548,8040AE4F0,0012,80A42A870,266245.77,Mexican Peso,266245.77,Mexican Peso,ACH,1
2022/09/12 19:37,0012,80A42A870,0011128,80465E020,1327255.90,Yen,1327255.90,Yen,ACH,1
2022/09/10 14:21,007548,8040AE4F0,0125699,80A716810,6117.71,US Dollar,6117.71,US Dollar,ACH,1
2022/09/12 21:50,0125699,80A716810,0011128,80465E020,782654.51,Yen,782654.51,Yen,ACH,1
2022/09/10 17:36,007548,8040AE4F0,016643,803C62630,12613.68,Euro,12613.68,Euro,ACH,1
2022/09/12 23:51,016643,803C62630,0011128,80465E020,1557864.56,Yen,1557864.56,Yen,ACH,1
2022/09/10 22:22,007548,8040AE4F0,0213137,8062E7A30,13291.54,Euro,13291.54,Euro,ACH,1
2022/09/13 03:00,0213137,8062E7A30,0011128,80465E020,1641584.88,Yen,1641584.88,Yen,ACH,1
2022/09/11 01:00,007548,8040AE4F0,015055,80C54A950,2022.81,Euro,2022.81,Euro,ACH,1
2022/09/13 06:13,015055,80C54A950,0011128,80465E020,218720.89,Yen,218720.89,Yen,ACH,1
2022/09/11 08:34,007548,8040AE4F0,0113304,805F23670,1177087.33,Rupee,1177087.33,Rupee,ACH,1
2022/09/13 11:01,0113304,805F23670,0011128,80465E020,1689246.28,Yen,1689246.28,Yen,ACH,1
2022/09/11 10:17,007548,8040AE4F0,0015040,80780EAF0,1892.73,US Dollar,1892.73,US Dollar,ACH,1
2022/09/13 12:39,0015040,80780EAF0,0011128,80465E020,170485.49,Yen,170485.49,Yen,ACH,1
2022/09/11 12:10,007548,8040AE4F0,016254,80A66B910,14359.71,Euro,14359.71,Euro,ACH,1
2022/09/13 14:23,016254,80A66B910,0011128,80465E020,1796611.66,Yen,1796611.66,Yen,ACH,1
2022/09/11 13:03,007548,8040AE4F0,023,8001694F0,9411.91,Euro,9411.91,Euro,ACH,1
2022/09/13 15:10,023,8001694F0,0011128,80465E020,1129217.23,Yen,1129217.23,Yen,ACH,1
2022/09/11 14:51,007548,8040AE4F0,003,805990DF0,652633.41,Rupee,652633.41,Rupee,ACH,1
2022/09/13 17:13,003,805990DF0,0011128,80465E020,753826.48,Yen,753826.48,Yen,ACH,1
2022/09/11 16:21,007548,8040AE4F0,009,8061AD3B0,237303.80,Ruble,237303.80,Ruble,ACH,1
2022/09/13 18:31,009,8061AD3B0,0011128,80465E020,290938.96,Yen,290938.96,Yen,ACH,1
2022/09/12 03:44,007548,8040AE4F0,0210690,8041293F0,1949818.73,Yen,1949818.73,Yen,ACH,1
2022/09/13 21:42,0210690,8041293F0,0011128,80465E020,1949818.73,Yen,1949818.73,Yen,ACH,1
2022/09/10 02:52,0050202,812D129C0,0222,812D127D0,39989.31,Saudi Riyal,39989.31,Saudi Riyal,ACH,1
2022/09/10 10:03,0222,812D127D0,0050202,812D129C0,49874.64,Saudi Riyal,49874.64,Saudi Riyal,ACH,1
2022/09/10 03:50,0222,812D127D0,0050202,812D129C0,36309.01,Saudi Riyal,36309.01,Saudi Riyal,ACH,1
2022/09/13 10:35,0050202,812D129C0,0222,812D127D0,38546.44,Saudi Riyal,38546.44,Saudi Riyal,ACH,1
2022/09/10 16:23,0235509,80CEC5700,0017863,81198DE10,16594.71,Euro,16594.71,Euro,ACH,1
2022/09/12 19:15,0017863,81198DE10,001,8029FC480,16665.40,US Dollar,16665.40,US Dollar,ACH,1
2022/09/12 17:00,0235509,80CEC5700,0012979,80593EE80,17462.31,US Dollar,17462.31,US Dollar,ACH,1
2022/09/14 15:53,0012979,80593EE80,001,8029FC480,14246.44,US Dollar,14246.44,US Dollar,ACH,1
2022/09/11 09:14,0235509,80CEC5700,009371,8081AFAE0,19537.97,US Dollar,19537.97,US Dollar,ACH,1
2022/09/14 00:29,009371,8081AFAE0,001,8029FC480,19537.97,US Dollar,19537.97,US Dollar,ACH,1
2022/09/14 08:14,0235509,80CEC5700,0116214,80CD829F0,11221.94,US Dollar,11221.94,US Dollar,ACH,1
2022/09/12 05:19,0116214,80CD829F0,001,8029FC480,9171.93,US Dollar,9171.93,US Dollar,ACH,1
2022/09/11 01:32,0235509,80CEC5700,0043735,8107BB990,56592.63,Shekel,56592.63,Shekel,ACH,1
2022/09/12 15:08,0043735,8107BB990,001,8029FC480,16758.26,US Dollar,16758.26,US Dollar,ACH,1
2022/09/12 14:27,0235509,80CEC5700,0026174,8099B03F0,8610.62,Canadian Dollar,8610.62,Canadian Dollar,ACH,1
2022/09/14 13:27,0026174,8099B03F0,001,8029FC480,6407.69,US Dollar,6407.69,US Dollar,ACH,1
2022/09/11 11:31,0235509,80CEC5700,0235509,80D86A880,58674.53,Brazil Real,58674.53,Brazil Real,ACH,1
2022/09/14 12:28,0235509,80D86A880,001,8029FC480,10391.31,US Dollar,10391.31,US Dollar,ACH,1
2022/09/10 18:13,001267,8007C7660,007042,804E674E0,8858.66,US Dollar,8858.66,US Dollar,ACH,1
2022/09/13 11:58,007042,804E674E0,0117,80F219920,8105.67,Swiss Franc,8105.67,Swiss Franc,ACH,1
2022/09/10 19:56,001267,8007C7660,003335,80ECF4060,7071.89,Euro,7071.89,Euro,ACH,1
2022/09/13 12:03,003335,80ECF4060,0117,80F219920,8240.73,Swiss Franc,8240.73,Swiss Franc,ACH,1
2022/09/11 01:03,001267,8007C7660,0124290,80B7F3B20,14457.10,US Dollar,14457.10,US Dollar,ACH,1
2022/09/13 13:51,0124290,80B7F3B20,0117,80F219920,11918.58,Swiss Franc,11918.58,Swiss Franc,ACH,1
2022/09/11 04:24,001267,8007C7660,017729,802EAF7D0,9558773.45,US Dollar,9558773.45,US Dollar,ACH,1
2022/09/13 14:25,017729,802EAF7D0,0117,80F219920,10075910.88,Swiss Franc,10075910.88,Swiss Franc,ACH,1
2022/09/11 05:38,001267,8007C7660,0115642,805E65780,1448412.26,Rupee,1448412.26,Rupee,ACH,1
2022/09/13 18:05,0115642,805E65780,0117,80F219920,18045.00,Swiss Franc,18045.00,Swiss Franc,ACH,1
2022/09/11 12:29,001267,8007C7660,0210,809158E50,6965.14,Canadian Dollar,6965.14,Canadian Dollar,ACH,1
2022/09/14 02:36,0210,809158E50,0117,80F219920,4830.67,Swiss Franc,4830.67,Swiss Franc,ACH,1
2022/09/11 13:55,001267,8007C7660,0010060,803ED04F0,51286.03,Yen,51286.03,Yen,ACH,1
2022/09/14 05:16,0010060,803ED04F0,0117,80F219920,438.17,Swiss Franc,438.17,Swiss Franc,ACH,1
2022/09/11 16:02,001267,8007C7660,0111764,80A0780F0,19598.80,US Dollar,19598.80,US Dollar,ACH,1
2022/09/14 06:36,0111764,80A0780F0,0117,80F219920,17932.90,Swiss Franc,17932.90,Swiss Franc,ACH,1
2022/09/11 23:57,001267,8007C7660,00908,805A69D20,16005.33,US Dollar,16005.33,US Dollar,ACH,1
2022/09/14 08:24,00908,805A69D20,0117,80F219920,14334.68,Swiss Franc,14334.68,Swiss Franc,ACH,1
2022/09/12 05:44,001267,8007C7660,0134939,80CF0E190,55434.23,Brazil Real,55434.23,Brazil Real,ACH,1
2022/09/14 08:58,0134939,80CF0E190,0117,80F219920,7235.06,Swiss Franc,7235.06,Swiss Franc,ACH,1
2022/09/12 18:05,001267,8007C7660,014099,8018031B0,3176.72,US Dollar,3176.72,US Dollar,ACH,1
2022/09/14 10:56,014099,8018031B0,0117,80F219920,3357.96,Swiss Franc,3357.96,Swiss Franc,ACH,1
2022/09/12 18:43,001267,8007C7660,0027621,80A9E6B10,22143.08,Australian Dollar,22143.08,Australian Dollar,ACH,1
2022/09/14 11:07,0027621,80A9E6B10,0117,80F219920,14132.60,Swiss Franc,14132.60,Swiss Franc,ACH,1
2022/09/13 06:16,001267,8007C7660,0138395,80E5C5420,125.72,Swiss Franc,125.72,Swiss Franc,ACH,1
2022/09/14 14:56,0138395,80E5C5420,0117,80F219920,142.25,Swiss Franc,142.25,Swiss Franc,ACH,1
2022/09/13 09:26,001267,8007C7660,017615,80AB8D320,10149.63,Euro,10149.63,Euro,ACH,1
2022/09/14 15:14,017615,80AB8D320,0117,80F219920,10882.25,Swiss Franc,10882.25,Swiss Franc,ACH,1
