address,label
021174+800737690,heist
01467+8013C4030,heist
0150240+812D22980,heist
0222+811B83280,heist
021749+8014BDC90,heist
0115700+80B3E96E0,heist
022806+807A61380,heist
003229+803FF9220,heist
010+8009CF210,heist
0214+80B7347A0,heist
02591+80A1C7710,heist
018617+8038D3520,heist
0040836+80F6B88B0,heist
0223+8000DD890,heist
023842+80195DE20,heist
0131167+80C21E690,heist
028183+80BF4C160,heist
0214050+80543C3C0,heist
001047+8031B5390,heist
029788+80399CED0,heist
0013157+805CA5A30,heist
001501+808C45FE0,heist
003051+806A3D750,heist
003051+8012E62B0,heist
012963+80296CA20,heist
01588+801ABC430,heist
02843+8043B07C0,heist
0129974+80FE25690,heist
0048309+81239C5C0,heist
013057+80DED0520,heist
0116+80F1AF380,heist
0241079+80EF0F190,heist
021745+800A75B90,heist
00513+801947FF0,heist
020+800BBBEC0,heist
01522+800587B60,heist
014290+801BA48E0,heist
001244+800ACE160,heist
01547+8020543A0,heist
01502+8010647D0,heist
001+800DD9900,heist
003489+80211F620,heist
021575+801A58F80,heist
011904+80103A420,heist
001+8010AA4F0,heist
011+800178CC0,heist
0048309+811C599A0,heist
0222+811B83280,heist
02843+808E9DCD0,heist
006+80A2953E0,heist
021745+810FB7950,heist
0224555+80CDF9CD0,heist
0211+811FA3310,heist
012+800C050D0,heist
0021615+8083E2D60,heist
02915+800A3E5A0,heist
001669+8015A3ED0,heist
001267+8047B6D80,heist
015055+802958DB0,heist
0043818+8102394B0,heist
0048526+8120D4990,heist
0223+812D1A410,heist
0121+811E03C30,heist
0048910+8120D49E0,heist
0148348+81235EE30,heist
0148016+811FCA7B0,heist
0249118+812D1A650,heist
0223+811A65E30,heist
0149345+812D1AC00,heist
0249176+81235EC40,heist
0223+811EDA940,heist
0223+8119F8CC0,heist
0048309+81235EAA0,heist
0251264+812D1B280,heist
0118+811A67510,heist
0119+8000DA7D0,heist
020+80012E0B0,heist
023+8001FE5D0,heist
0150240+812D22980,heist
0213952+808338D40,heist
005464+802125640,heist
012+800137450,heist
023+8001D7610,heist
020+800246FC0,heist
012+800205030,heist
011+8001027C0,heist
01490+800A180A0,heist
020+800060420,heist
012+800117590,heist
001+800056160,heist
020+800283B60,heist
0148350+811FFF630,heist
0050528+812D0C600,heist
0119+812A09CF0,heist
015231+80266F880,heist
0049365+812A09D40,heist
004866+8024DBCA0,heist
017732+8031FC940,heist
01292+800C15270,heist
021381+802FFC060,heist
014077+80AE3D7E0,heist
0112733+804DBD7D0,heist
0018324+8094AA6D0,heist
01502+80DFD0950,heist
022828+80C627820,heist
012381+801804D80,heist
0020861+80940A1D0,heist
0225734+8095AF170,heist
0137218+80F443FD0,heist
0223649+8091D1780,heist
021940+80C5AEED0,heist
022+800181850,heist
0010057+803F405F0,heist
022758+808098770,heist
021831+808099880,heist
0028603+80A847310,heist
0010642+8044CB690,heist
006179+809BBC7B0,heist
001+8006FA4B0,heist
0125906+80D8F53F0,heist
0133471+80CA21140,heist
022164+8017F7FF0,heist
003420+801798880,heist
024132+8078D10C0,heist
018196+80CAE3930,heist
022164+802528AE0,heist
0121415+80D2537C0,heist
0120691+81051FEB0,heist
027288+802B47C40,heist
0225215+809852800,heist
002467+801018DA0,heist
021940+80DFDC710,heist
0214322+8088FE560,heist
016788+803520BA0,heist
0119+812A09CF0,heist
022+80030CC80,heist
001501+800981370,heist
002439+801010DF0,heist
021387+8013D2F20,heist
01490+800ACC410,heist
006075+80241BD20,heist
014077+8019E64E0,heist
003123+801E72C20,heist
001068+8011F0870,heist
001853+8011EF080,heist
0217496+806C8A860,heist
0229799+80AD2BB10,heist
001655+80832A480,heist
01502+800637C70,heist
0031253+80C379450,heist
0117999+80BBEDC60,heist
0222697+8085DD9A0,heist
015916+805EB6DE0,heist
0020727+80C381B70,heist
018196+80DB0B9D0,heist
01588+80820F1A0,heist
023691+8021353D0,heist
010+8001BB380,heist
011974+8011D4F20,heist
0236746+80F2C2FA0,heist
0122545+80AAA1FE0,heist
016333+802CDC780,heist
001068+800FB1BD0,heist
004866+8066C49A0,heist
0016733+80685EE50,heist
0113779+805593540,heist
0116+80E870260,heist
012719+80992E270,heist
003149+801BB70D0,heist
022+80BBEB320,heist
00220+8006619C0,heist
0214308+80562E620,heist
0117698+80D4B5530,heist
004866+8042509A0,heist
021174+801DA76D0,heist
022736+8011A5230,heist
002824+80147E520,heist
011107+800E9F790,heist
015+803B24460,heist
02843+800A4B110,heist
0048309+811C599A0,heist
0150240+812D22980,heist
0222+811B83280,heist
00908+800957210,heist
028255+809361700,heist
016643+805316300,heist
001916+803CFE980,heist
011657+800D7DDB0,heist
003051+80D45D750,heist
0245748+811273830,heist
0023673+81207D280,heist
0120046+808A05220,heist
004503+8067AD800,heist
010+800750120,heist
003489+80BA962E0,heist
021174+801977590,heist
027637+80B434CB0,heist
027637+8098BC930,heist
013037+803509D50,heist
015231+80266F880,heist
020+802FDD680,heist
016388+8063F1030,heist
021918+8077CEBE0,heist
012+801812250,heist
0213005+804B9FA50,heist
01547+811611D00,heist
011107+80286F5F0,heist
0025202+8096C6720,heist
021611+80B81F350,heist
001457+80E6A81F0,heist
0010344+806861BF0,heist
0024161+809F5BDC0,heist
016109+80451C2E0,heist
024515+80EBB2100,heist
005+80769F1A0,heist
0150240+812D22980,heist
017732+8066CFF40,heist
001669+80526F4E0,heist
0137218+80E290080,heist
00908+8006E4A40,heist
0115656+80D476950,heist
010+8011D5060,heist
0111631+80A38F130,heist
0111764+807193CC0,heist
016+8054D6140,heist
0119+810088D50,heist
0220541+807C36910,heist
0227859+80E130380,heist
0121580+8080FB6B0,heist
005365+8094098D0,heist
0024941+8091A9AE0,heist
0212+80767CAF0,heist
0044650+8109F5680,heist
0110+80CE3D700,heist
0249118+811EA7B80,heist
013858+801FE25A0,heist
028694+80709E010,heist
0033245+80C84A040,heist
0019777+8078DFC60,heist
0010057+803FEFF90,heist
023555+8021CF080,heist
0049365+812A09D40,heist
003420+80292C690,heist
007+805C8AC70,heist
0227080+811D3FB50,heist
0110+80CC9C960,heist
0025749+80B2250B0,heist
011852+800E3F5A0,heist
0112212+8068E42C0,heist
0214+80C1ED8D0,heist
0036056+811A0FA00,heist
014663+8071AF070,heist
027+80CA50CE0,heist
0126984+80EADAC60,heist
004+80E435B80,heist
008539+80C803F50,heist
019+809CE12E0,heist
023691+8089009F0,heist
015231+80266F880,heist
015231+803A568D0,heist
021745+803366440,heist
0148350+812D0C3C0,heist
0115415+80BC333F0,heist
0124331+8100B34B0,heist
0048309+811C599A0,heist
0119+812A09CF0,heist
0148350+812D0C3C0,heist
004726+80E12A290,heist
0135403+80E2226E0,heist
0021813+80ECAB9A0,heist
0112064+8049EE130,heist
004403+809925180,heist
017649+80ED3C650,heist
0110+80CF52AB0,heist
0221868+80DEA1270,heist
0117299+80A6C74F0,heist
011974+800D9DA40,heist
02591+80211CB70,heist
001853+8055AE170,heist
01522+8009C77C0,heist
0212818+804A8B6A0,heist
01522+802D0FB40,heist
021749+800B68E00,heist
010+80049A310,heist
0122055+80932E380,heist
0016787+806C896A0,heist
0219805+807B705E0,heist
00513+8007354D0,heist
0113523+8054100E0,heist
0219969+80DD3D780,heist
0010441+80EBE2F00,heist
001241+801228520,heist
002991+806CF1310,heist
023537+801BE1590,heist
0015+80A2DE560,heist
008074+80803C930,heist
019023+80514C390,heist
0033872+80C73E400,heist
012+80226C7A0,heist
019329+8048E30F0,heist
011+80028E6D0,heist
026624+80BAEB110,heist
029279+8066C7E10,heist
0116214+80DDCA6A0,heist
0150240+812D22980,heist
005140+809B70360,heist
018015+80B8AB270,heist
004+800072EF0,heist
0113685+80DF654B0,heist
0016649+806AA7880,heist
019740+80B169DD0,heist
0127760+80CD01840,heist
020+801F03B10,heist
009129+806E95350,heist
0111764+8050A3DA0,heist
029467+803A1AC00,heist
0016787+806C84040,heist
0213+80C93DF00,heist
019329+805A91C10,heist
0148350+811FFF630,heist
0050528+812D0C600,heist
022+804A66840,heist
028+80C64E3A0,heist
0012278+80750E180,heist
0122545+80888DC20,heist
021749+805A13780,heist
0231004+80DF21F10,heist
0230230+8114C0050,heist
0237636+80FBCD550,heist
0010099+8044456B0,heist
024+80007A550,heist
0121580+808AADB60,heist
01132+80A43FE30,heist
01601+80A0F74D0,heist
0148350+812D0C3C0,heist
0148016+811C4EDD0,heist
0148348+81235EE30,heist
0149345+812D1AC00,heist
0223+811EDA940,heist
0119+81235E8B0,heist
001665+801C602A0,heist
024840+80A6A5800,heist
0010642+809C04750,heist
018511+803C1D400,heist
0218202+810A97A50,heist
001+8012525C0,heist
012+80016E8F0,heist
0115159+80BF76730,heist
0117304+806DADD80,heist
001686+8014FCAF0,heist
0028416+80AF84530,heist
0214050+805886A80,heist
0118+80E5DB120,heist
0214100+807824060,heist
0211+80A5F2BC0,heist
013265+80B50ADD0,heist
0111433+80606A5D0,heist
00220+8002B5EE0,heist
0214050+805E56740,heist
026463+80ED75AC0,heist
0021615+80AA05290,heist
014099+80B828DE0,heist
002991+8057BA770,heist
003123+8028AC420,heist
008805+806689160,heist
009+806FA9C10,heist
022164+8066D7B00,heist
011107+80338EC60,heist
0019890+80B4BEFB0,heist
0223645+80D640E90,heist
014011+801EB8CA0,heist
011296+801F6B0A0,heist
016354+803D15580,heist
0221891+80C2DCAE0,heist
023691+807ACCF80,heist
012+801E366E0,heist
014433+80D4F8460,heist
007195+80693DD00,heist
025075+80F1E0120,heist
001024+800A483E0,heist
024963+801D2E530,heist
022806+80E6B1A90,heist
0220+80FFD2C60,heist
0121453+80FC0BB60,heist
0033873+80CC04930,heist
0287+8061C8910,heist
0122086+80A9F95F0,heist
0122055+809A17220,heist
0015447+80DF70590,heist
0223641+80AB2B9B0,heist
0237316+80EBC6370,heist
001665+801AA4400,heist
0219077+80D030A40,heist
023691+8021353D0,heist
023691+8021353D0,heist
0148016+811C4EDD0,heist
0118+811A67510,heist
0048309+811C599A0,heist
015231+80266F880,heist
023691+8021353D0,heist
0119+811C597B0,heist
026024+80B3DD4D0,heist
0013154+805DAB3C0,heist
001244+805307640,heist
011107+801A5B470,heist
0116+80E97FA80,heist
01292+80061BB00,heist
0013649+80EF49640,heist
003149+810186380,heist
024+8039DCF40,heist
0013649+80E6CA8D0,heist
011657+800D78EB0,heist
0111141+80807F270,heist
01588+801856350,heist
0050202+812D129C0,heist
025866+802C6C120,heist
0137888+80DFCA010,heist
015+803A52250,heist
0028237+80AD1C820,heist
011974+801998AE0,heist
001655+801514540,heist
0235509+80CFD1370,heist
016941+802D07110,heist
0020898+80D0C4F20,heist
0012979+80D9A9270,heist
0119+812A09CF0,heist
015231+80266F880,heist
003149+801D45DD0,heist
0119+8100C5CC0,heist
0117453+80887AC50,heist
018067+80E45CEA0,heist
0240492+80FEF3A50,heist
0117698+80BF3BF90,heist
020+805EBB270,heist
001412+80E012220,heist
004503+80C0D5B50,heist
0232304+80D9A31F0,heist
0015768+808242040,heist
0210319+803CC8F60,heist
0014657+8078B38C0,heist
0127390+80DFDA990,heist
0033389+80E6E9840,heist
007+8000485D0,heist
013858+81109ED60,heist
0232259+80F363750,heist
014663+805AF1010,heist
01588+807A2C280,heist
0010+806169AC0,heist
0221130+809B94750,heist
005836+802C61040,heist
0022155+808D89450,heist
0219969+80AC120A0,heist
0223+811A4DBD0,heist
0118+812D06150,heist
0223+811B9B160,heist
0118+811B9B110,heist
0249118+814965B00,heist
0119+811B88600,heist
0119+811B6E2B0,heist
0223+8119F8CC0,heist
0117+80E59A080,heist
0126783+80C8B9B90,heist
019818+80B16FF40,heist
004+800367070,heist
003+804E13660,heist
0013959+8094423B0,heist
001+8000EEE80,heist
0222664+80B7973F0,heist
0020486+807EF78D0,heist
0111326+80EBF1580,heist
0241636+80F5D4A80,heist
0110603+806E72870,heist
009679+8039B1E10,heist
0119+8123789D0,heist
028+80629F9A0,heist
018097+80D233DB0,heist
023344+8067D6C60,heist
011813+80C51C390,heist
008455+808F449C0,heist
0126191+809DFF880,heist
0239604+80F063680,heist
0220888+80EBD88F0,heist
0238845+80F499130,heist
0214615+80E9CE540,heist
0150240+812D22980,heist
0119+811C597B0,heist
0222+811B83280,heist
0010441+80B964800,heist
0220504+8081073E0,heist
0210972+8045FC4D0,heist
011318+80250BCD0,heist
02915+80693BC00,heist
0111425+80F74F5A0,heist
0020248+80795A080,heist
014+80036D360,heist
021174+800F33710,heist
0249118+811E9C1E0,heist
0215687+80D7DBD40,heist
015231+80266F880,heist
0119+812A09CF0,heist
0210690+804703440,heist
013327+802308AB0,heist
011474+801A36EE0,heist
0044873+810B9DF70,heist
0113798+80E047940,heist
021550+80DDC5FE0,heist
0025847+809894520,heist
022+800241D60,heist
019535+806A570E0,heist
0117+80E5157A0,heist
0148350+812D0C3C0,heist
0030465+80DCDEA20,heist
0033727+80C78A190,heist
0143242+8101AEF90,heist
01601+800D63EE0,heist
004+80EFD2B30,heist
0244490+811CD2450,heist
009665+803ED92E0,heist
018196+8035CD610,heist
004726+8021C45F0,heist
0010605+803FBEE10,heist
001916+8041FBAC0,heist
0235874+80D76EB80,heist
008798+8056D0240,heist
0116781+806A7BE10,heist
001686+80113D5D0,heist
001267+8030004E0,heist
00410+80023FEE0,heist
011+8000EF670,heist
001+8000EEE80,heist
020+800161D40,heist
020+800102120,heist
012+80027D490,heist
012+800055A70,heist
010+8000F8070,heist
001665+8010FD8B0,heist
0113060+80E41BB70,heist
0019888+80A0486E0,heist
0226925+80BD5D6F0,heist
0218755+80DA98640,heist
0031161+812A60050,heist
0012446+806578D30,heist
001+80054A7C0,heist
0024544+80B92FEE0,heist
0249407+81230E3E0,heist
0220271+80F13D910,heist
0023886+80BE9B100,heist
005627+803908540,heist
011471+8014CBA10,heist
01729+801485510,heist
021387+8008B29B0,heist
01292+8005BD570,heist
01420+80045FE30,heist
00513+800F57D60,heist
022+80020C2A0,heist
001916+801E76F80,heist
012+800550B60,heist
011657+800EF7C00,heist
00220+80087EA60,heist
011852+800B7DA00,heist
0228009+80AD40250,heist
0130902+80BB947A0,heist
012963+804F6B6E0,heist
01588+801887E70,heist
025768+80791F9C0,heist
012797+805791710,heist
0134920+80CE3BE30,heist
011405+800EE6B70,heist
0010441+80860D630,heist
01467+802977C20,heist
0110603+8076E3D00,heist
01490+8003DF900,heist
0218885+8081D5D00,heist
0111631+8063DA480,heist
0012+80B7390D0,heist
0125575+809880C00,heist
008539+80BA91220,heist
025536+80DE274E0,heist
015730+80DC8D400,heist
0113744+80B0CE170,heist
0228009+80A2A5D10,heist
0013659+8058FE420,heist
016011+80D678DB0,heist
00908+801D1AD90,heist
001+800188850,heist
024840+802F5E0D0,heist
0212+80F1B4940,heist
0039721+80F18F9D0,heist
006625+80A79C440,heist
0021884+8084F4F70,heist
024144+8042E6710,heist
0028416+80A5DCAE0,heist
012735+8039D2050,heist
024+80468FA70,heist
0022575+808C0E7A0,heist
0071+80563D160,heist
026+80869DF30,heist
0017400+80DFAB280,heist
0210404+80BC2A1D0,heist
0228101+80A48A710,heist
0148350+812D0C3C0,heist
001+800109820,heist
0049365+812A09D40,heist
0119+811B6E700,heist
006803+803249220,heist
021918+8029821C0,heist
0131808+80CAED3D0,heist
005394+80B3A54F0,heist
0024922+809DDA830,heist
021381+80CADC170,heist
0213580+80993EAE0,heist
00410+800928170,heist
0013078+804F0BFF0,heist
024850+802583B00,heist
017610+80832C3E0,heist
018511+80B61F6E0,heist
002824+808F215B0,heist
019925+80407D1F0,heist
001068+80348E920,heist
008455+80B95A8D0,heist
005466+802DF71D0,heist
021575+800EC1750,heist
0148389+8129AD010,heist
029685+80B2F5E60,heist
022+801F46AA0,heist
027241+803BEF990,heist
018196+80B1BF360,heist
015231+80266F880,heist
0217096+8062E09A0,heist
0118+812D06150,heist
0223+811B9B160,heist
0119+811B88600,heist
0119+811B6E2B0,heist
0119+811DCA9B0,heist
0222+811D80C30,heist
0118+811B6E170,heist
014549+806D31C80,heist
0120046+8062B9FD0,heist
016254+80C65FCB0,heist
011+8000F00D0,heist
001412+801783860,heist
005394+802C34490,heist
025981+803330DF0,heist
017615+80853A9D0,heist
0030974+80ED2CC20,heist
0119+80FDC3670,heist
017222+803C12800,heist
0243614+81062E050,heist
0012359+805673600,heist
012381+800FB5AB0,heist
011056+800AA6350,heist
002385+801DB71F0,heist
00513+80202B7A0,heist
01522+800B9C510,heist
02915+800E604D0,heist
001+80083F9A0,heist
010+8001DB9C0,heist
011107+800F2EAC0,heist
023833+801EA4520,heist
011+801ADF5B0,heist
0148350+811FFF630,heist
0032405+810D87E20,heist
0148389+811EDAA30,heist
0048526+8120D4990,heist
0249176+81235EC40,heist
0223+811EDA940,heist
0048211+811EDA5B0,heist
023344+8031A2600,heist
0229620+80DF001F0,heist
0043049+810BE6260,heist
0040064+80EE582B0,heist
0150240+812D22980,heist
011+8001BF230,heist
023+8000FFF70,heist
022+800062E20,heist
022+80027F7A0,heist
023+800176CF0,heist
023+8001665B0,heist
023+8001253F0,heist
001+800116420,heist
011+800278B80,heist
012+800205030,heist
020+8001B8900,heist
020+80023AB40,heist
01490+8002AEA60,heist
023+80026F7B0,heist
020+800061190,heist
020+80022EEB0,heist
022+80027F7A0,heist
020+8000635D0,heist
01420+800389010,heist
011318+800949570,heist
012+80059A750,heist
011+80012AE10,heist
01490+8008B1F80,heist
01502+8009ABF50,heist
01674+800906D70,heist
01362+80053C0B0,heist
01490+80029E4F0,heist
01674+8004723C0,heist
020+80079AE10,heist
011318+80081F5E0,heist
01292+8003ED970,heist
00701+800619700,heist
01547+8009E34E0,heist
0122545+8120633F0,heist
0119+812A09CF0,heist
013037+8034A7D40,heist
0214609+801402460,heist
025547+806685680,heist
0036445+80EFADF00,heist
0218438+80F1C1CE0,heist
0229620+80AE37980,heist
0234331+80C924F70,heist
009587+803962650,heist
020+80032F6C0,heist
0213580+80FEA9150,heist
0036121+80F3ACA20,heist
003229+8063DFCD0,heist
0218267+8069C3920,heist
0010+80CE8FDA0,heist
011405+801253D80,heist
018617+80342F060,heist
019318+80390F790,heist
008539+80832DDB0,heist
013057+80878BA20,heist
029715+80391BE70,heist
012004+801C152A0,heist
012963+8016AF890,heist
022+80070AA30,heist
0249176+812A70ED0,heist
0212789+804B56250,heist
012004+801823D10,heist
029715+80B76B210,heist
003881+80806B1D0,heist
029467+804152B40,heist
001299+8009D3030,heist
0049365+812A09D40,heist
012+80026ED50,heist
0049365+812A09D40,heist
012+800063D30,heist
0218438+8094C64E0,heist
018475+8036095E0,heist
016163+80ACD8330,heist
020+8030A5760,heist
005836+80DEE3B40,heist
002053+800D201E0,heist
025981+804427530,heist
021918+8089DC420,heist
0148350+812D0C3C0,heist
0050528+812D0C600,heist
00220+8006F8830,heist
001411+8016221C0,heist
021258+800859800,heist
001655+8014E2420,heist
011107+801F819D0,heist
004600+801CAED50,heist
021749+8018C3110,heist
011157+800B11170,heist
0231744+80BEB87E0,heist
0222819+808D78400,heist
001299+8020FB5E0,heist
008623+80777E5C0,heist
0039198+811451920,heist
022164+8014621B0,heist
0011402+8046427D0,heist
019318+803803990,heist
015980+8080DB4C0,heist
021611+80B89ED40,heist
003+8022EFC20,heist
009679+80452D470,heist
007675+8093BA230,heist
0124368+80D8036D0,heist
0110+80CE474D0,heist
011657+800C67560,heist
003698+80DF83250,heist
01362+8037951D0,heist
00795+802E15100,heist
0033739+80C7F3EF0,heist
0215897+80D42DCF0,heist
011852+800EFDCD0,heist
0016787+80613F530,heist
0119742+80BEF6450,heist
003698+80AE9A7B0,heist
0222965+80EFDDBB0,heist
0120193+80EF6EAA0,heist
0071+805384DD0,heist
0121+8000E1590,heist
0148350+811FFF630,heist
01601+808FE2E00,heist
0210431+809BFD6B0,heist
0022091+80846C890,heist
005464+80C8841B0,heist
006179+807CF4100,heist
0119+812A09CF0,heist
023691+8021353D0,heist
022164+801A1E020,heist
0116781+806E1E420,heist
0210829+8067B9300,heist
0222268+808B43660,heist
0115656+80A7733F0,heist
0232304+80C2E5A90,heist
025075+80600C430,heist
023+80595BED0,heist
006+80A110B80,heist
008+8095C19A0,heist
016254+8025E28D0,heist
005+807E7A050,heist
013554+8018BB080,heist
007+8063494F0,heist
0223635+80B020260,heist
003144+8035EA260,heist
0010232+805164ED0,heist
0014277+808E88790,heist
011813+800D7BEF0,heist
0123288+80C3B54A0,heist
012+80019D2E0,heist
013265+801B81AB0,heist
016788+803290610,heist
02591+801B6D270,heist
001916+80B3A0080,heist
029404+803E2DFF0,heist
001241+8040A5960,heist
015231+80266F880,heist
022+800526C80,heist
012+800207A10,heist
00410+80023F3C0,heist
023+8002767B0,heist
020+800161D40,heist
022+8001BD460,heist
023+800238830,heist
001+8000F65C0,heist
0011030+80CB65920,heist
0013067+80B76EEA0,heist
0249176+812A70ED0,heist
020+80050C9D0,heist
02591+8008B79A0,heist
001+8001BA930,heist
010+80010BFC0,heist
020+8000F9560,heist
020+80011B370,heist
010+80018E990,heist
012+800EEECD0,heist
01522+800C68D20,heist
0116425+8063A29D0,heist
005627+80E6D8130,heist
0029115+80A9E82B0,heist
0116+80EA18C20,heist
0021568+8083724D0,heist
0220967+80D3F0070,heist
023537+8018514B0,heist
023344+80BC94290,heist
003229+8034C0D20,heist
029992+8047DE090,heist
028183+8088E9DA0,heist
0010404+807B751B0,heist
0033759+80CB230F0,heist
003144+80187DEC0,heist
0214529+8058A51E0,heist
0010+80615D270,heist
002952+802403080,heist
006156+8052E39D0,heist
002627+8013028A0,heist
0071+80482B5A0,heist
017610+807FF9830,heist
0120292+8083BDEE0,heist
029467+80C4E7410,heist
001267+8035D0FC0,heist
019925+803C37930,heist
0122055+809256DC0,heist
0150240+812D22980,heist
0229558+80E11A500,heist
003242+80D1A92E0,heist
0230230+80B1E3F70,heist
0227080+80B502BD0,heist
0226331+80A3C3F10,heist
0210292+8043148C0,heist
0110603+80D715D20,heist
0222965+80E814F80,heist
013057+80734CB00,heist
0210292+803A62590,heist
024132+802923410,heist
027444+8035FCAE0,heist
0030850+80BAAEB30,heist
0014+81016E050,heist
0011128+8045F4500,heist
0215803+806CBBE20,heist
003+8049DD1C0,heist
0148350+812D0C3C0,heist
0029292+811A6A9B0,heist
0227720+80A75F310,heist
01362+8067576D0,heist
011471+81102D030,heist
0119+811C4B1C0,heist
0124371+80C550240,heist
014433+8030E68E0,heist
002947+8034F43D0,heist
021611+808D6F2D0,heist
01547+803561840,heist
0240304+80EADDDB0,heist
027637+80A3EF0D0,heist
017222+806414FC0,heist
0117143+8065D8150,heist
0033873+80C7ECF20,heist
011157+80A4E0120,heist
0137218+80DDB1280,heist
0223+811A4DBD0,heist
002824+80200E890,heist
0024224+808DB6D10,heist
011+8001D71F0,heist
0228101+80A41A7D0,heist
0030474+80CAD99F0,heist
02843+80B7E71D0,heist
003229+80146B800,heist
01688+8019EA660,heist
027103+811D34B50,heist
0049365+812A09D40,heist
001412+801434090,heist
0119+811C597B0,heist
001024+800963A91,heist
00220+8001325C0,heist
012+8001BC960,heist
010+80005BD00,heist
0225+8000E43B0,heist
020+8001B3D10,heist
0228101+80A9194B0,heist
022+8008AF700,heist
0113935+80E4864B0,heist
0115656+810F60C80,heist
002952+80A784730,heist
0011687+8047210A0,heist
0017246+80A757530,heist
015231+80266F880,heist
0113779+80C4D47E0,heist
022345+801A42EC0,heist
019925+80C413DF0,heist
004600+802386190,heist
017327+803465880,heist
020+800290ED0,heist
0028690+80A8ADE10,heist
0111425+808ED6360,heist
0021568+808BC5830,heist
011+805959900,heist
0137218+80F06C420,heist
0133471+80CD397E0,heist
0113+80FD68BC0,heist
005836+805EC6EB0,heist
002053+802BE7350,heist
015730+803E18A10,heist
0210292+803B90890,heist
015+803A1BB50,heist
027103+8031C17D0,heist
0020486+80812E970,heist
001665+801F86B70,heist
015+804070990,heist
015231+80266F880,heist
015231+80266F880,heist
023842+8019C0990,heist
0210404+805090B10,heist
013057+8019D0940,heist
01522+8010F4680,heist
013858+801820540,heist
001267+803146110,heist
0010581+8044E2C30,heist
011157+801DB94A0,heist
01601+801139C30,heist
011657+801479230,heist
010+8003E7740,heist
018200+8084CA790,heist
002947+804290F90,heist
021+803F9CB00,heist
02591+800AEAC00,heist
0015040+8111CA220,heist
027241+806069F30,heist
0015447+80D4AFD60,heist
024+804671B60,heist
019+80911C350,heist
016031+803C83D60,heist
020+807982140,heist
001457+80A03A470,heist
0011642+80E58F320,heist
013265+805EC2490,heist
028800+80BF6C070,heist
018067+8038A96B0,heist
0117143+8064AAA20,heist
013554+810F5ED30,heist
0014277+8067EE4E0,heist
0228540+810E62EB0,heist
0231744+80C1898B0,heist
014549+804E76DF0,heist
0241121+80F01B390,heist
0116425+806478850,heist
0148350+811FFF630,heist
0119+812A09CF0,heist
0048309+811C599A0,heist
0119+811C597B0,heist
0222+811B83280,heist
00410+80029BA40,heist
001+800059440,heist
01522+8002AE7E0,heist
023+800242CC0,heist
011+8001FD490,heist
012+80017BE40,heist
012+80005D3B0,heist
001+800115CA0,heist
023+80012E100,heist
0119+811C597B0,heist
0249176+812A70ED0,heist
012513+803498EF0,heist
023842+804DE3CB0,heist
0235509+80CE8C910,heist
013264+803C16F80,heist
015+80422D430,heist
0221891+80FDB9D80,heist
001665+80107B480,heist
004242+805A06820,heist
020+800195070,heist
012+800568E00,heist
0014387+808D6DF20,heist
0112+80E22F4F0,heist
013327+80171BB30,heist
0011838+804642430,heist
0214+80C166500,heist
008248+8035D5A00,heist
0030974+811E71060,heist
0212789+804BD06D0,heist
0012803+80ECEABA0,heist
024482+801FD9E70,heist
0215841+80EC7E760,heist
011904+80BBC79B0,heist
007478+8057C54A0,heist
001244+80657C030,heist
0210185+80C46DE50,heist
0118+811BCF2E0,heist
0028222+80A98C410,heist
019925+803B70100,heist
012381+80D051180,heist
007+8061C7360,heist
028+8061CCEA0,heist
0116+80E446440,heist
004259+810D8A060,heist
0111443+807B89E20,heist
0249176+812A70ED0,heist
013862+8078765D0,heist
0150240+812D22980,heist
0119+811C597B0,heist
0134939+80CE705C0,heist
023537+804E6EA20,heist
0148350+812D0C3C0,heist
0148389+811EDAA30,heist
023+80016A830,heist
0222+811D80C30,heist
019318+80AF1F630,heist
012004+801059EF0,heist
011974+803C66270,heist
019593+80EFACF30,heist
029279+80B8B18B0,heist
0121580+808442C20,heist
023344+80800B6F0,heist
001501+800AE9480,heist
016+80534C060,heist
0134920+80CE3BE30,heist
01601+811099C90,heist
020+8010CDC50,heist
01502+8002E4450,heist
01601+80033AD80,heist
001024+8006BF850,heist
01490+8002D1950,heist
003+8007C1440,heist
010+8002CB9E0,heist
01547+800526550,heist
01688+800473C40,heist
001+8003A4750,heist
001+80046B350,heist
011405+809FF8A10,heist
011318+800BA98F0,heist
0131928+80EF93140,heist
0010060+803F704D0,heist
028771+80E599BD0,heist
003335+8026E9C90,heist
021575+800F1D640,heist
0287+8071D2930,heist
01674+802BDE290,heist
0148350+811FFF630,heist
001241+808CF8120,heist
0013157+8053C0C10,heist
0016787+806387910,heist
0218885+80FDA84F0,heist
01467+80104B3D0,heist
01522+801E2A890,heist
0032464+80E6BBF00,heist
01292+8004825B0,heist
010+801BF9ED0,heist
0021568+807DEAE80,heist
0214+80C39B650,heist
0112989+804FF77B0,heist
012+800528290,heist
023+800124BD0,heist
00410+8003AA6D0,heist
012+800202F00,heist
012+8001B8420,heist
012+8001D5700,heist
011+800289C70,heist
023+8000FE790,heist
011+80027BDE0,heist
011+800065110,heist
020+8001C80F0,heist
022+8001AE930,heist
020+800283B60,heist
018067+803707DC0,heist
0021922+80A673510,heist
011474+808A32010,heist
028711+80763C2E0,heist
0248160+811A32DC0,heist
006075+805ABBEE0,heist
01665+8027A9260,heist
011157+80208F660,heist
0116425+8060E9190,heist
010+80015D1B0,heist
015964+80ED72BA0,heist
01490+80056CE80,heist
0214749+805DB7F20,heist
011+8002DBAE0,heist
01665+800604EA0,heist
023+80016FAF0,heist
022+800176D40,heist
001+8001275E0,heist
012+80005E9C0,heist
011+800256EF0,heist
022+80012CB40,heist
011+800259050,heist
0249176+812A70ED0,heist
015231+80266F880,heist
0249176+812A70ED0,heist
0150240+812D22980,heist
0220+8000D7130,heist
0225734+809A1A300,heist
019729+80544C970,heist
011904+8051972F0,heist
0050528+812D0C600,heist
025075+802873390,heist
0048308+811EDA7A0,heist
0050202+812D129C0,heist
0232391+80C8966E0,heist
0231212+80ED002D0,heist
003045+802993780,heist
029251+807ABA360,heist
01665+8021199E0,heist
003489+805148BD0,heist
013057+801564480,heist
026580+80681F820,heist
0210319+803E75780,heist
010+80071C080,heist
008248+8048CB7A0,heist
0016792+80652E8F0,heist
0217+81054CBF0,heist
022+8078DC6E0,heist
0043818+810872BA0,heist
01588+8044218D0,heist
0120292+80869EB90,heist
007+80886BCB0,heist
0134091+80CD76230,heist
006010+80303F3C0,heist
0017246+8066807B0,heist
002627+8010BAAC0,heist
019925+804404E30,heist
0238845+80E5DBE80,heist
027217+80CE74A30,heist
0142973+80FE90E10,heist
014011+806967B30,heist
0029435+8103C25F0,heist
0243805+81172B400,heist
011657+807BB34C0,heist
012561+8027E6880,heist
021575+800DCD640,heist
015231+80266F880,heist
002952+80C905A50,heist
017649+80C527330,heist
0013078+8054D8C00,heist
017321+8081C4F10,heist
0111141+80A480AC0,heist
021258+8038DE530,heist
0010060+803B2B200,heist
0128590+80ADBB8A0,heist
013345+80BA543E0,heist
029089+803C2EC60,heist
0028611+80AA89060,heist
001244+80C7D0E10,heist
0011808+804622AD0,heist
025981+802A66370,heist
021749+801B33CF0,heist
0114674+80728BF80,heist
019+8096751E0,heist
007548+8040AE4F0,heist
005425+807982750,heist
01547+8002E86B0,heist
0221891+80AEA5480,heist
002991+80269E400,heist
021575+800F1D640,heist
0225690+80ABA62A0,heist
01362+80A3B5EF0,heist
022758+80B943DB0,heist
01490+8004FB470,heist
003144+80C20DA90,heist
0115249+808FC1560,heist
004503+8086C1DC0,heist
005+808EF5E10,heist
01362+800597E90,heist
0119+811DCA9B0,heist
015723+8041B2490,heist
025981+80515A830,heist
012+80011FF60,heist
010+80047AC40,heist
005425+802B1AD20,heist
004403+807DAC1F0,heist
020+802792890,heist
0014254+8086EB930,heist
0223+811A4DBD0,heist
0118+80E8D9DE0,heist
0214621+80603F590,heist
0012+80C05E250,heist
004503+80C33DAC0,heist
011813+800D0F970,heist
0129000+80B9B49F0,heist
0218267+80BAE7420,heist
0028237+80A5F9F20,heist
013037+80604A560,heist
011157+80108E830,heist
029089+80A06E7F0,heist
023833+80197C0D0,heist
0111433+80649BBB0,heist
0112637+804D02430,heist
021918+8019CA470,heist
0210261+804584340,heist
017732+8072C4900,heist
025075+80A2BA120,heist
01292+800DF30E0,heist
0227786+80B79F620,heist
016643+805FAC670,heist
0235711+80E65F260,heist
0231744+80C07AA10,heist
0210+8097F63E0,heist
0022422+808431490,heist
013264+80D454600,heist
0014381+805C69E20,heist
0213952+810AD3A90,heist
018617+8073E7BB0,heist
009571+80E72DC60,heist
0130902+811AF52C0,heist
0126191+809D2B0F0,heist
0138335+80E7D5AB0,heist
01688+801703570,heist
009587+8038DF660,heist
022828+808ED6780,heist
013145+8019225A0,heist
015231+80266F880,heist
023+8002A0E00,heist
012+800151C60,heist
01502+800296920,heist
022+800219480,heist
012+80021B2C0,heist
020+8001B94D0,heist
01522+8002AE470,heist
022+8001A6870,heist
004403+80F962B10,heist
020+8001C97D0,heist
0235509+80CEC5700,heist
0220541+8083C1550,heist
0249176+812A70ED0,heist
0021142+809F26890,heist
0138395+80F1404E0,heist
0032564+80C97F160,heist
02915+801BB7D10,heist
0111631+805A507F0,heist
0240304+80F542950,heist
0014277+80C7A4440,heist
0146265+81243E2A0,heist
025768+80372CF70,heist
0114674+81074B590,heist
021745+80E40C5F0,heist
005175+809768440,heist
001124+8009F1D10,heist
001068+803793A30,heist
011852+801079B80,heist
021831+80C8A8AA0,heist
0117143+806B971B0,heist
0039668+80F1F4BD0,heist
001267+8007C7660,heist
0150240+812D22980,heist
015231+80266F880,heist
003045+8024129E0,heist
017729+80D213A20,heist
01665+803425BE0,heist
0134976+80D601030,heist
0020898+80DB58CC0,heist
0148350+812D0C3C0,heist
020+80010ECB0,heist
0013917+80E16D0B0,heist
021258+80088E940,heist
016643+80762FE70,heist
014549+8112C4010,heist
028827+806DEA990,heist
021575+8105CFDC0,heist
0138335+80F181A50,heist
0018405+806ED11A0,heist
019329+807A249F0,heist
028+80A114780,heist
0042373+8124B1D90,heist
0027365+80DE18E90,heist
0049365+812A09D40,heist
0222+812D127D0,heist
